Country,Product,1971,1972,1973,1974,1975,1976,1977,1978,1979,1980,1981,1982,1983,1984,1985,1986,1987,1988,1989,1990,1991,1992,1993,1994,1995,1996,1997,1998,1999,2000,2001,2002,2003,2004,2005,2006,2007,2008,2009,2010,2011,2012,2013,2014,2015,2016,2017,2018,2019,2020 Provisional
Australia,Fossil fuels,41201,43730,52662,55974,58406,60843,68911,71507,74856,81907,87728,90301,92954,98977,105542,110412,117456,123265,131817,139389,139946,143107,146016,150127,156174,160913,165092,178571,186229,192274,206103,209504,201967,209530,208244,211085,221966,223347,229493,230893,227433,224509,216511,211256,217871,219115,217564,216366,212002,205247.857
Australia,Nuclear,0,0,0,0,0,0,0,0,0,0,0,0,0,0,0,0,0,0,0,0,0,0,0,0,0,0,0,0,0,0,0,0,0,0,0,0,0,0,0,0,0,0,0,0,0,0,0,0,0,0
Australia,Renewable sources,11844,11853,11749,13629,15173,15549,13576,14287,15787,13327,14480,14112,12563,12527,14118,14962,14067,15029,15265,14898,16590,16019,17220,17042,16631,16362,17507,16448,17398,17590,18162,17874,18619,18683,20103,21642,21013,19726,18602,21721,26273,26318,32704,36112,33423,37151,40206.632,44415,51658,59544.717
Australia,Total,53045,55583,64411,69603,73579,76392,82487,85794,90643,95234,102208,104413,105517,111504,119660,125374,131523,138294,147082,154287,156536,159126,163236,167169,172805,177275,182599,195019,203627,209864,224265,227378,220586,228213,228347,232727,242979,243073,248095,252614,253706,250827,249215,247368,251294,256266,257770.632,260781,263660,264792.574
Austria,Fossil fuels,11752,11939,11964,11005,11242,14561,12540,12875,12267,12551,10889,10848,10767,11965,11839,11544,12712,11244,12727,16607,17483,13718,13261,15156,16202,17549,17714,16784,17402,16292,18597,18570,22537,21882,23157.554,21062.482,19163.6,19377.72,18512.649,22328.459,20786.993,16682.114,13470.778,10854.586,13587.4,13457.412,15680.532,14253.554,15675.255,13036.731
Austria,Nuclear,0,0,0,0,0,0,0,0,0,0,0,0,0,0,0,0,0,0,0,0,0,0,0,0,0,0,0,0,0,0,0,0,0,0,0,0,0,0,0,0,0,0,0,0,0,0,0,0,0,0
Austria,Renewable sources,16450,16986,18952,22400,23691,20273,24788,24802,27930,29049,31347,31371,31165,29674,31873,32395,36933,36853,36391,32635,32649,36154,38049,36896,38904,35790,37819,39031,42348,43435,42232,41895,35251,39627,40884.587,40668.768,43177.482,44530.798,47177.243,44998.337,40908.166,51327.827,50491.402,50186.269,47582.04,51082.238,51055.166,50053.507,54380.114,55423.574
Austria,Total,28202,28925,30916,33405,34933,34834,37328,37677,40197,41600,42246,42235,41972,41663,43742,43977,49688,48149,49155,49296,50181,49939,51371,52111,55178,53574,55685,55910,59916,59874,61067,60706,58097,61948,64489.9,62302.263,62939.301,64514.998,66314.835,67933.029,62270.095,68709.258,64595.108,61612.475,61864.75,65271.033,67442.847,65036.652,70856.253,69210.367
Belgium,Fossil fuels,33103,36869,40252,41818,33768,36921,34459,37563,39949,39964,36520,33719,27208,25366,21057,17407,19393,20478,24707,26574,27281,26735,27005,29479,30771,30506,29241,34506,32794,32804,30208,31500,34224,34634,35082,33615,34528,32287,35747,38518.4,31169.4,29369.5,26230.7,23817.6,26345.7,24950.7,25619.5,26490.1,28101.1,28443.1
Belgium,Nuclear,0,11,76,148,6784,10036,11939,12513,11407,12549,12859,15664,24106,27743,34601,39394,41967,43102,41217,42722,42861,43456,41927,40624,41356,43336,47408,46165,49017,48157,46349,47360,47379,47312,47595,46645,48227,45568,47222,47944,48234,40295,42644,33703,26103,43523,42226.8,28597,43523.6,34434.7
Belgium,Renewable sources,134,180,287,348,266,166,471,483,549,578,672,379,358,375,340,462,577,547,503,555,536,617,507,600,668,561,588,759,850,1044,1075,1138,1192,1497,2106,2952,3486,4418,5439,6630.7,8334.2,10513.3,11731.4,12266.4,14512.4,14352.8,15868.4,17151.9,19515.5,23396.5
Belgium,Total,33237,37060,40615,42314,40818,47123,46869,50559,51905,53091,50051,49978,51869,53690,56259,57621,62327,64541,66877,70292,71186,71410,70068,71341,73516,75138,77861,82075,83366,82773,78618,80939,83561,84353,85709,84348,87528,83583,89806,94541.3,89204.6,81732.2,82172,71472.9,68725.4,84693.8,85648.4,74083,92866.8,87865.2
Canada,Fossil fuels,55105,57277,60173,58152,62040,67408,74468,75319,78373,82798,82480,89078,91183,96340,93061,84707,100465,113047,124767,108342,111242,118746,109691,112156,120481,118555,133373,150814,151180,165750,170766,165566,167264,158825,157180,148724,155903,148521,133046,139762,141436,132107,130342,133107,134604,131951,120209,119350,116519,107233
Canada,Nuclear,4267,7211,15254,14696,12570,17416,26342,31202,35271,38032,40067,38337,48610,52210,60521,71267,77261,82867,79872,72967,84930,80582,93937,107834,97844,92767,82528,71511,73491,72799,76695,75526,74892,90387,92040,97964,93482,96020,90091,90658,93589,94862,103439,107280,101809,101429,101299,100731,101197,98211
Canada,Renewable sources,162461,181639,194654,210667,202470,213396,221216,236386,245466,252448,267913,259934,268037,288460,305322,312500,318518,309920,294827,300691,312248,320904,328435,335629,341626,361553,357645,339270,354220,366993,342265,360012,347332,350599,371381,363056,378468,388488,383340,369445,395675,402187,421251,415910,421186,430044,441055,433242,427296,435072
Canada,Total,221833,246127,270081,283515,277080,298220,322026,342907,359110,373278,390460,387349,407830,437010,458908,468478,496248,505838,499470,482041,508461,520279,532117,555673,560005,572929,573600,561649,578945,605596,589780,601158,589542,599865,620669,609815,627924,633103,608489,602945,633309,631987,657584,658651,657833,663697,662861,653669,645318,640764
Chile,Fossil fuels,3649,3147,3120,2887,2293,2605,2727,3018,3592,3775,3718,2820,2803,3321,2775,2634,2543,4030,6947,8481,5794,3870,4401,6505,7734,12154,12608,18404,23790,20621,19453,19455,23341,27191,24204,24753,32674,32390,30976,36026,39693,44330,46841,40113,42515,44989,44540.232,44237.391,45169.932,43251.648
Chile,Nuclear,0,0,0,0,0,0,0,0,0,0,0,0,0,0,0,0,0,0,0,0,0,0,0,0,0,0,0,0,0,0,0,0,0,0,0,0,0,0,0,0,0,0,0,0,0,0,0,0,0,0
Chile,Renewable sources,4875,5787,5646,6410,6439,6672,7049,7342,7542,7976,8260,9051,9821,10176,11265,12110,13094,12885,10864,9891,14167,18493,19602,18772,20293,18579,20689,17105,14600,19457,23078,24216,23488,24017,28280,30567,25835,27314,29649,24296,26020,25421,26060,30349,32872,34319,34876.418,38075.314,39388.323,38599.041
Chile,Total,8524,8934,8766,9297,8732,9277,9776,10360,11134,11751,11978,11871,12624,13497,14040,14744,15637,16915,17811,18372,19961,22363,24003,25277,28027,30733,33297,35509,38390,40078,42531,43671,46829,51208,52484,55320,58509,59704,60722,60434,65713,69751,73065,70753,75387,79308,79416.65,82312.705,84558.255,81850.689
Colombia,Fossil fuels,3578,3229,3688,4083,3841,4307,4612,5087,5529,5934,6274,6833,7409,7988,8217,7944,8096,8361,8037,8586,8995,10323,10313,8906,10079,7375,12648,13583,8624,10555,11148,10583,9872,9123,9982,10430,10198,8944,15500,17764,11261,13941,22627,21776,28580,26182,16400.658,18508.451,24051.905,21058.952
Colombia,Nuclear,0,0,0,0,0,0,0,0,0,0,0,0,0,0,0,0,0,0,0,0,0,0,0,0,0,0,0,0,0,0,0,0,0,0,0,0,0,0,0,0,0,0,0,0,0,0,0,0,0,0
Colombia,Renewable sources,6663,7298,7939,8849,9090,9399,10645,12276,13476,14512,14503,15349,15496,17306,18610,21486,23401,24651,26933,27771,27995,22621,28246,32503,32637,35987,31957,31314,34198,32576,32300,34465,36675,40603,40362,43342,45034,47001,41656,42865,50926,49598,51374,49296,50016,50618,62879.357,61454.826,56364.36,50817.23
Colombia,Total,10241,10527,11627,12932,12931,13706,15257,17363,19005,20446,20777,22182,22905,25294,26827,29430,31497,33012,34970,36357,36990,32944,38559,41409,42716,43362,44605,44897,42822,43131,43448,45048,46547,49726,50344,53772,55232,55945,57156,60629,62187,63539,74001,71072,78596,76800,79280.015,79963.277,80416.265,71876.182
Czech Republic,Fossil fuels,35164,38315,40093,41321,44094,46783,49227,51835,48956,50257,51516,52977,54796,55487,54053,52581,49030,50419,51070,48525,47077,45405,44497,43631,45938,48712,49530,49463,48444,57031,56903,54252,55058,54716,54063,54080,58172,53001,49760,51300,51094,48159,45815,45442,46195,48443,47724.083,47429.138,45357.681,39603.815
Czech Republic,Nuclear,0,0,0,0,0,0,0,0,0,0,0,0,200,1239,2397,6149,10701,11816,12418,12585,12132,12250,12627,12977,12230,12850,12494,13178,13357,13590,14749,18738,25872,26325,24728,26046,26172,26551,27208,27998,28283,30324,30745,30325,26841,24104,28339.6,29921.311,30246.209,30043.28
Czech Republic,Renewable sources,1208,1264,1081,1819,1814,1446,1967,1830,2293,2399,2061,1670,1655,1298,1671,1876,2465,2099,1643,1161,1089,1402,1530,1781,2407,2261,2193,1983,2358,2284,2577,2998,1879,2741,3132,3520,3410,3731,4654,5902,7248,8065,9309,9172,9422,9384,9620.849,9425.319,10051.278,10291.073
Czech Republic,Total,36372,39579,41174,43140,45908,48229,51194,53665,51249,52656,53577,54647,56651,58024,58121,60606,62196,64334,65131,62271,60298,59057,58654,58389,60575,63823,64217,64624,64159,72911,74234,75995,82816,83790,81931,83654,87764,83295,81632,85312,86776,86687,86008,85096,82616,82107,85879.808,86981.434,85863.948,80150.302
Denmark,Fossil fuels,18600,20550,19096,18279,18240,20485,22042,20392,22080,26724,19719,23676,22085,22576,29027,30577,29225,27663,22351,25134,35424,29272,32182,38603,34616,51128,40963,36758,34021,29886,31276,31862,37420,30252,25618,35586,28216,25665,25528,25686,20270,15134,18060,13475.755,9251.922,11444.051,8501.682,8903.009,5654.232,4508.597
Denmark,Nuclear,0,0,0,0,0,0,0,0,0,0,0,0,0,0,0,0,0,0,0,0,0,0,0,0,0,0,0,0,0,0,0,0,0,0,0,0,0,0,0,0,0,0,0,0,0,0,0,0,0,0
Denmark,Renewable sources,24,24,24,24,24,24,22,26,31,41,44,50,94,96,117,206,264,405,577,825,1057,1352,1607,1743,1852,2079,2929,3925,4379,5572,5846,6789,8078,9519,9812,9201,10305,10096,10064,12429.114,14180.801,14836.813,15967.036,17984.075,18937.051,18390.025,21797.907,20761.113,23082.844,23468.815
Denmark,Total,18624,20574,19120,18303,18264,20509,22064,20418,22111,26765,19763,23726,22179,22672,29144,30783,29489,28070,22933,25982,36545,30738,33974,40578,36759,53582,44315,41113,38920,36053,37729,39287,46186,40430,36246,45611,39316,36616,36384,38862.032,35229.069,30700.702,34742.088,32184.012,28940.632,30538.406,31022.552,30368.333,29525.765,28750.514
Estonia,Fossil fuels,..,..,..,..,..,..,..,..,..,..,..,..,..,..,..,..,..,..,..,17181,14627,11830,9116,9149,8685,9096,9207,8505,8252,8495,8465,8497,10110,10244,10094,9602,12045,10384,8238,11920,11714,10490,11995,10984,8518.83,10517.675,11218.309,10278.53,5408.991,3033
Estonia,Nuclear,..,..,..,..,..,..,..,..,..,..,..,..,..,..,..,..,..,..,..,0,0,0,0,0,0,0,0,0,0,0,0,0,0,0,0,0,0,0,0,0,0,0,0,0,0,0,0,0,0,0
Estonia,Renewable sources,..,..,..,..,..,..,..,..,..,..,..,..,..,..,..,..,..,..,..,0,0,1,1,3,8,7,11,16,16,18,18,30,49,60,111,130,145,197,541,1044,1179,1477,1220,1389,1560,1587.683,1858.521,1988.802,2142.524,2525
Estonia,Total,..,..,..,..,..,..,..,..,..,..,..,..,..,..,..,..,..,..,..,17181,14627,11831,9117,9152,8693,9103,9218,8521,8268,8513,8483,8527,10159,10304,10205,9732,12190,10581,8779,12964,12893,11967,13275,12446,10148.83,12169.924,13160.46,12364.171,7615.585,5632
Finland,Fossil fuels,11054,12982,15587,15000,14019,19820,18318,22726,21631,23509,12591,11311,10898,13174,18324,17818,19961,20963,21698,19146,20278,18405,21712,27944,25274,31882,27841,23547,24957,23855,29869,32467,42102,37039,23419,36555,33080,26095,26326,33157,25609,18309,21393,17575,14194,14447,12698,14528,12123,9457
Finland,Nuclear,0,0,0,0,0,0,2660,3264,6742,7022,14665,16776,17720,18867,19059,19059,19646,19554,19090,19216,19511,19260,19928,19427,19216,19476,20894,21853,22974,22479,22773,22295,22731,22716,23271,22906,23423,22958,23526,22800,23187,22987,23606,23580,23245,23203,22477,22793,23870,23291
Finland,Renewable sources,10627,10323,10515,12631,12152,9435,12120,9742,10870,10216,13653,13088,13579,13246,12333,12389,13795,13361,13029,16015,18197,20060,19439,18260,19545,17761,20151,24408,21193,23379,21547,19830,19065,25631,23468,22466,24323,27781,21699,24195,24175,28560,25629,26271,30527,30412,31475.872,32139.494,31875.562,35517
Finland,Total,21681,23305,26102,27631,26171,29255,33098,35732,39243,40747,40909,41175,42197,45287,49716,49266,53402,53878,53817,54377,57986,57725,61079,65631,64035,69373,69176,70167,69457,69976,74486,74955,84326,85845,70582,82312,81245,77432,72069,80674,73501,70411,71257,68094,68599,68757,67524.168,70262.747,68642.387,68946
France,Fossil fuels,96951,106963,119278,115151,106242,140933,115535,126639,133398,125823,97360,98198,80867,64874,55680,43029,39498,37266,51429,47118,60342,50236,34336,33385,38145,42878,38490,53938,50765,49539,45005,51127,55730,54812,61699,55297,56347,53661.112,49234.197,55594.113,56812.208,54168.929,51127.083,33419.968,42373.374,54068.845,62677.844,46871.95,51100.786,45536.058
France,Nuclear,9336,14592,14741,14695,18248,15778,17986,30483,39960,61251,105326,108919,144261,191234,224100,254155,265520,275521,303931,314081,331340,338445,368188,359981,377231,397340,395483,387990,394244,415162,421076,436760,441070,448241,451529,450191,439730,439447,409736,428521,442387.763,425406.017,423684.671,436479.009,437427.808,403195.482,398359.129,412941.812,399011.587,353832.867
France,Renewable sources,49562,49646,48489,57001,60804,49146,76929,69023,67111,70234,72944,71351,70231,66545,62774,63389,71424,77445,47989,55779.327,59703.705,71090.078,66871.211,80956.224,75453.821,68474.734,66451.925,64767.477,75406.29,69402.472,77738.588,64205.716,63056.407,63940.383,56324.378,62338.8,65907.989,73825.353,69658.171,78195.617,66030.711,85251.97,99429.559,94038.528,91835.722,99000.423,92633.092,113586.271,113112.228,125697.756
France,Total,155849,171201,182508,186847,185294,205857,210450,226145,240469,257308,275630,278468,295359,322653,342554,360573,376442,390232,403534,417200.327,451612.705,460011.078,469654.211,474592.224,491200.821,509159.734,500974.925,507266.477,521237.29,535184.472,545286.588,553629.716,561503.407,568710.383,571209.378,569431.8,564112.989,569092.465,530953.368,564475.73,567957.845,567829.198,577284.98,566913.759,574632.257,559207.156,556808.834,576424.783,566185.803,527916.793
Germany,Fossil fuels,304810,320343,344101,355488,339469,374509,363778,382100,393141,386245,377310,368972,375785,375899,360002,368345,364406,365687,372644,372498,367767,350963,344460,345913,348528,358647,349005,359151,349085,361442,364835,365426,388668,383139,383711,386133,397891,385401,352440,372550,366773,371343,374945,352838,352936,361336,346079,327585,277381,252635
Germany,Nuclear,6216,9522,12106,14459,24138,29533,41255,43873,52064,55589,65533,74426,78063,104317,138641,130489,141725,156820,161671,152468,147229,158804,153276,150703,153091,160016,170328,161644,170004,169606,171305,164842,165060,167065,163055,167269,140534,148495,134932,140556,107971,99460,97290,97129,91786,84634,76324,76005,75071,64382
Germany,Renewable sources,16223,16016,18145,18686,18156,15099,18794,19623,19699,21921,22839,22382,21172,21119,20203,21166,22643,22441,20759,19093,16979,19735,20520,23433,25932,26551,23062,24902,28717,35475,37895,44477,46670,57957,63402,72511,89368,94283,95938,105180,124038,143044,152339,162526,188786,189672,216323,224508,242435,250667
Germany,Total,327249,345881,374352,390563,383770,421423,426053,447974,467573,466340,467737,468109,476810,503233,520560,521813,530467,547109,557397,547650,535826,533672,522487,525205,532814,550691,548011,552375,552545,572313,581886,581954,604680,612355,616335,633354,634437,635195,590819,626720,607283,622220,632917,621949,642388,644861,647718,636731,603125,575441
Greece,Fossil fuels,8910,10444,12594,12673,14105,15964,17063,18062,18536,19248,19986,19711,21643,21942,24935,24889,27305,30795,32309,33004,32642,34877,35716,37669,37632,37910,39261,42233,44445,49118,50041,50260,51872,52756,52921,52475,58092,57143,52890,46716,50916,50560,42680,38066,36860,39316,41387.791,36811.763,32188.472,28624.882
Greece,Nuclear,0,0,0,0,0,0,0,0,0,0,0,0,0,0,0,0,0,0,0,0,0,0,0,0,0,0,0,0,0,0,0,0,0,0,0,0,0,0,0,0,0,0,0,0,0,0,0,0,0,0
Greece,Renewable sources,2652,2677,2223,2347,2015,1879,1922,2988,3566,3405,3407,3561,2340,2862,2805,3235,2781,2367,1901,1771,3101,2212,2330,2637,3564,4386,3918,3787,4755,4144,2932,3577,5892,5918,6406,7679,4594,5750,8185,10522,8143,10151,14349,12177,14850,14893.3,13801.039,16148.429,16096.959,17358.208
Greece,Total,11562,13121,14817,15020,16120,17843,18985,21050,22102,22653,23393,23272,23983,24804,27740,28124,30086,33162,34210,34775,35743,37225,38137,40381,41299,42411,43292,46180,49395,53425,53076,53945,57905,58813,59427,60179,62711,62912,61094,57367,59172,60771,57114,50343,51822,54416.3,55188.83,53246.332,48575.171,46230.09
Hungary,Fossil fuels,14898,16213,17542,18904,20309,21885,23253,25405,24373,23764,24132,24616,23162,22302,20102,20438,18549,15575,15525,14493,15995,17472,18876,19215,19726,20612,21118,22974,23435,20713,21976,21938,22763,20831,19980,20773,23254,22736,17470,18438,17491,16078,12003,10430,11093,12300,13021,12179,12820,12960
Hungary,Nuclear,0,0,0,0,0,0,0,0,0,0,0,0,2473,3766,6480,7424,10986,13445,13891,13731,13726,13964,13796,14049,14026,14180,13968,13949,14096,14180,14126,13953,11013,11915,13834,13461,14677,14818,15426,15761,15685,15793,15370,15649,15834,16054,16098,15733,16288,16055
Hungary,Renewable sources,96,110,101,81,163,165,149,138,146,112,168,159,155,208,185,178,192,191,162,195,218,204,205,206,219,257,269,215,246,243,257,237,336,936,1870,1493,1883,2357,2895,3020,2708,2646,2788,3150.657,3228.287,3258.059,3482,3767,4687,5518
Hungary,Total,14994,16323,17643,18985,20472,22050,23402,25543,24519,23876,24300,24775,25790,26303,26796,28064,29749,29233,29581,28436,29963,31685,32915,33515,34018,35090,35397,37190,37832,35191,36415,36157,34145,33708,35756,35859,39960,40025,35908,37371,36019,34635,30294,29402.247,30359.409,31901.845,32885,32039,34154,34924
Iceland,Fossil fuels,49,48,87,73,73,57,70,53,56,47,35,11,7,4,4,5,5,7,6,6,7,6,5,5,9,5,4,5,5,5,4,6,6,4,5,4,2,2,2,2,2,3,5,3,4,3,2.085,1.875,2.662,3.066
Iceland,Nuclear,0,0,0,0,0,0,0,0,0,0,0,0,0,0,0,0,0,0,0,0,0,0,0,0,0,0,0,0,0,0,0,0,0,0,0,0,0,0,0,0,0,0,0,0,0,0,0,0,0,0
Iceland,Renewable sources,1572,1746,2233,2293,2250,2392,2562,2654,2899,3137,3260,3622,3821,3973,3896,4109,4205,4471,4531,4504,4487,4540,4722,4775,4972,5118,5582,6276,7183,7679,8029,8410,8494,8619,8681,9926,11974,16465,16832,17057,17209,17546,18111,18120,18795,18547,19236.448,19827.885,19486.173,19127.204
Iceland,Total,1621,1794,2320,2366,2323,2449,2632,2707,2955,3184,3295,3633,3828,3977,3900,4114,4210,4478,4537,4510,4494,4546,4727,4780,4981,5123,5586,6281,7188,7684,8033,8416,8500,8623,8686,9930,11977,16467,16834,17059,17211,17549,18116,18123,18799,18550,19238.533,19829.76,19488.835,19130.27
Ireland,Fossil fuels,5838,6207,6704,6845,7000,7714,8272,8948,9814,9728,9667,9728,10000,10548,10908,11388,11948,12023,12842,13532,14184,14958,15369,15889,16875,18157,18880,19708,20641,22488,23605,23461,23723,23821,23753,24641,25555.518,26320.393,23849.36,24447.612,21740.434,21837.246,19882.622,19346.258,20166.978,22634.766,21630.669,20395.776,18621.438,18267.499
Ireland,Nuclear,0,0,0,0,0,0,0,0,0,0,0,0,0,0,0,0,0,0,0,0,0,0,0,0,0,0,0,0,0,0,0,0,0,0,0,0,0,0,0,0,0,0,0,0,0,0,0,0,0,0
Ireland,Renewable sources,466,682,644,786,521,594,749,698,826,838,862,802,784,688,833,919,681,872,692,697,746,822,780,939,729,763,809,1170,1125,1186,1027,1382,1138,1394,1873.432,2474.747,2802.06,3595.347,4117.598,3728.782,5423.594,5256.269,5627.591,6392.147,7861.483,7513.445,8881.687,10198.854,11779.508,13441.505
Ireland,Total,6304,6889,7348,7631,7521,8308,9021,9646,10640,10566,10529,10530,10784,11236,11741,12307,12629,12895,13534,14229,14930,15780,16149,16828,17604,18920,19689,20878,21766,23674,24632,24843,24861,25215,25626.432,27115.747,28357.578,29915.74,27966.958,28176.394,27164.028,27143.263,25575.683,25807.998,28102.522,30221.011,30671.658,30896.218,30695.617,32008.048
Israel,Fossil fuels,7639,8478,8720,9158,9712,10361,11108,11874,12436,12404,12975,13639,14354,14663,15430,16028,17667,19342,20450,20895,21508,25115,25989,28401,30400,32507,35075,37930,39182,42630,43931,45468,46998,47240,48563,50533,53768,56750,54641,58389,59298,62519,60751,59892,63012,65318,65741.881,66977.913,68796.203,68299.397
Israel,Nuclear,0,0,0,0,0,0,0,0,0,0,0,0,0,0,0,0,0,0,0,0,0,0,0,0,0,0,0,0,0,0,0,0,0,0,0,0,0,0,0,0,0,0,0,0,0,0,0,0,0,0
Israel,Renewable sources,0,0,0,0,0,0,0,0,0,0,2,2,1,2,2,6,10,10,3,3,6,29,26,23,25,24,25,25,33,31,20,32,43,39,39,25,24,31.502,99.162,170.706,300.374,483.959,570.977,921.482,1214.335,1657.503,1690.564,1756.99,3477.7,4293.61
Israel,Total,7639,8478,8720,9158,9712,10361,11108,11874,12436,12404,12977,13641,14355,14665,15432,16034,17677,19352,20453,20898,21514,25144,26015,28424,30425,32531,35100,37955,39215,42661,43951,45500,47041,47279,48602,50558,53792,57001.502,55008.162,58591.706,59678.374,63002.959,61321.977,60813.482,64226.335,66975.503,67674.475,68893.869,72523.663,72842.767
Italy,Fossil fuels,77267,85113,99406,101902,96971,114988,106704,119389,126599,132062,129744,130039,129488,126876,130909,135358,154708,156019,169722,178190,172802,176501,174077,180060,195366,192602,199374,206015,206587,217762,215971,227646,237404,239540,245805,254392,257790,252749,216705,218886,214572,202058,172850,154324,169632,176682,186972.158,170522.346,173092.918,160484.007
Italy,Nuclear,3365,3626,3142,3410,3800,3807,3385,4428,2628,2208,2707,6804,5783,6887,7024,8758,174,0,0,0,0,0,0,0,0,0,0,0,0,0,0,0,0,0,0,0,0,0,0,0,0,0,0,0,0,0,0,0,0,0
Italy,Renewable sources,43288,45155,41368,42042,45007,42988,54869,49302,49772,49204,46503,44983,44838,45873,44304,44779,43410,44671,37258,34905,45539,45767,45223,48240,41458,46223,46206,46476,51315,50879.446,54347.273,48316.358,46865.8,53871.083,48439.772,50635.962,47715.762,58163.405,69254.954,76964.994,82962.741,92222.467,112010.116,120679.428,108904.568,108023.027,103897.658,114414.664,115846.918,116053
Italy,Total,123920,133894,143916,147354,145778,161783,164958,173119,178999,183474,178954,181826,180109,179636,182237,188895,198292,200690,207115,213147,218449,222668,219745,228740,237364,239398,246524,253655,259255,269941.446,271893.273,277533.358,286277.8,295777.525,296840.949,307692.245,308223.216,313527.567,288335.123,298772.647,300647.775,297297.624,287905.987,278115.717,281559.649,287943.466,294004.051,287992.096,292018.226,279595.007
Japan,Fossil fuels,290700,331100,388633,354497,364515,389123,424444,427812,433304,400748,403966,384451,404390,424874,411237,407518,434993,462417,501195,541940.432,547583.973,559049.31,525070.514,590721.454,571310.663,582734.622,578585.858,563999.598,602502.067,615923.804,603393.864,647504.979,678933.471,666750.035,676969.241,669788.391,750392.434,722975.629,680157.655,740332.722,862466.401,941854.982,943447.683,912158.103,868911.066,858194.133,835131.362,784147.696,750829.626,750746.043
Japan,Nuclear,8000,9500,9707,19699,25125,34079,31659,59313,70393,82591,87820,102430,114291,134264,159578,168304,187758,178659,182869,202271.703,213459.852,223259.068,249256.053,269126.701,291253.999,302200.607,319177.424,332342.898,316615.864,322049.543,319858.512,295094.715,240013.328,282442.148,304754.543,303426.205,263832.228,258127.915,279749.614,288230.48,101761.003,15939.413,9302.75,0,9437.285,18059.967,32911.743,64929.104,63778.976,38751.685
Japan,Renewable sources,84200,85100,67047,82780,83506,83790,73268,70647,81643,89192,88490,91498,95304,83711,95574,94620,89598,106278,108789,97805.534,105255.662,91276.309,103494.793,75331.375,91097.433,88538.606,98669.065,100570.388,96500.334,96980.88,94086.675,94308.999,109408.104,109122.077,96787.903,109028.803,95473.621,98524.57,100136.666,106459.674,109835.892,103664.667,114477.286,129697.985,146098.27,151522.43,168024.091,175130.065,186258.193,194877.487
Japan,Total,382900,425700,465387,456976,473146,506992,529371,557772,585340,572531,580276,578714,614392,643359,666941,671104,713011,748135,793685,861541.928,886501.159,893583.861,897985.334,956656.319,976636.49,996999.067,1019477.951,1016495.188,1035862.903,1055046.903,1037513.952,1057135.439,1049482.119,1078743.352,1099417.077,1103915.85,1131454.734,1101938.013,1085220.505,1164017.295,1103942.549,1091794.575,1098651.733,1072572.041,1054505.097,1064687.361,1073665.583,1061085.044,1037317.905,1023379.856
Korea,Fossil fuels,9220,10472,13541,14929,18437,21328,25123,27378,30120,31778,34601,37340,37162,39617,37603,31565,28034,40595,41742,46122,53457,64775,80667,100764,111098,125851,142132,122036,128265,175437,192724,207215,208337,231142,236937,249362,278246,288444,298953,341395,356866,372452,389095,379353,371960,379015,393250.525,426855.88,401468.05,384375.022
Korea,Nuclear,0,0,0,0,0,0,71,2324,3152,3477,2897,3777,8965,11792,16745,28311,39314,40101,47365,52887,56311,56530,58138,58651,67029,73924,77086,89689,103064,108964,112133,119103,129672,130715,146779,148749,142937,150958,147771,148596,154723,150327,138784,156407,164762,161995,148426.725,133505.261,145909.669,160183.721
Korea,Renewable sources,1320,1367,1284,1906,1683,1789,1393,1808,2328,1984,2709,2005,2723,2399,3659,4019,5344,3566,4588,6362,3487,3099,4230,2349,3012,2830,2895,4343,4257,4111,4258,3434,5123,4631,4052,4018,4557,4376,4687,6186,7479,7093,8783,8553,10642,15884,18620.917,23025.955,27406.009,33874.704
Korea,Total,10540,11839,14825,16835,20120,23117,26587,31510,35600,37239,40207,43122,48850,53808,58007,63895,72692,84262,93695,105371,113255,124404,143035,161764,181139,202605,222114,216069,235596,288526,309137,329804,343191,366612,387874,402270,425905,443936,451676,496718,520053,530935,537891,545866,549047,558816,562693.219,586200.132,578033.894,583057.565
Latvia,Fossil fuels,..,..,..,..,..,..,..,..,..,..,..,..,..,..,..,..,..,..,..,2152,2369,1313,1048,1135,1042,1265,1551,1479,1350,1313,1441,1490,1637,1493,1492,2105,1943,2062,2013,2992,3017,2058,2675,2337,2757,2944,2069.489,3226.28,3246.275,2075.317
Latvia,Nuclear,..,..,..,..,..,..,..,..,..,..,..,..,..,..,..,..,..,..,..,0,0,0,0,0,0,0,0,0,0,0,0,0,0,0,0,0,0,0,0,0,0,0,0,0,0,0,0,0,0,0
Latvia,Renewable sources,..,..,..,..,..,..,..,..,..,..,..,..,..,..,..,..,..,..,..,4496,3275,2521,2876,3305,2937,1861,2955,4318,2759,2823,2839,2485,2338,3196,3414,2786,2828,3212,3556,3635.563,3076.862,4109.233,3534.13,2802.45,2776.725,3480.792,5461.7,3498.595,3192.11,3649.527
Latvia,Total,..,..,..,..,..,..,..,..,..,..,..,..,..,..,..,..,..,..,..,6648,5644,3834,3924,4440,3979,3126,4506,5797,4110,4136,4280,3975,3975,4689,4906,4891,4771,5274,5569,6627.563,6093.862,6167.233,6209.13,5139.45,5533.725,6424.792,7531.189,6724.875,6438.385,5724.844
Lithuania,Fossil fuels,..,..,..,..,..,..,..,..,..,..,..,..,..,..,..,..,..,..,..,10920,11991,3582,1264,1575,1296,1939,2024,3130,2752,2271,2604,2656,2845,3052,3418,2794,2825,2593,2836,3833,2877,3119,2425,1911,2254,1207,736.671,461.7,591.5,1821.3
Lithuania,Nuclear,..,..,..,..,..,..,..,..,..,..,..,..,..,..,..,..,..,..,..,17033,17000,14638,12260,7706,11822,13942,12024,13554,9862,8419,11362,14142,15484,15102,10337,8651,9833,9894,10852,0,0,0,0,0,0,0,0,0,0,0
Lithuania,Renewable sources,..,..,..,..,..,..,..,..,..,..,..,..,..,..,..,..,..,..,..,414,338,311,393,452,373,326,296,417,415,340,328,358,332,428,460,435,581,602,684,911,1112,1183,1526,1511,1678,2095,2537.848,2204.6,2469.1,2575.3
Lithuania,Total,..,..,..,..,..,..,..,..,..,..,..,..,..,..,..,..,..,..,..,28405,29363,18548,13934,9755,13520,16241,14388,17153,13089,11121,14362,17294,18828,18752,14415,12077,13470,13327,14643,4994,4246,4529,4214,3708,4258,3676,3608.2,2982.5,3369.3,4737.8
Luxembourg,Fossil fuels,1278,1303,1347,1159,983,1050,1030,1031,976,790,585,412,344,409,397,454,423,460,509,520,579,558,564,450,346,338,274,195,204,214.841,666.925,2624.366,2619.576,3152.629,3106.545,3247.284,2895.204,2402.198,2842.717,2916.54,2341.022,2388.207,1421.114,1451.304,837.784,258.179,221.212,195.495,191.834,174.899
Luxembourg,Nuclear,0,0,0,0,0,0,0,0,0,0,0,0,0,0,0,0,0,0,0,0,0,0,0,0,0,0,0,0,0,0,0,0,0,0,0,0,0,0,0,0,0,0,0,0,0,0,0,0,0,0
Luxembourg,Renewable sources,55,65,47,83,71,46,94,94,107,113,126,113,109,111,105,117,133,133,104,82.505,97.976,81.77,81.712,101.08,107.493,75.448,102.919,142.551,121.855,170.638,167.692,151.284,141.137,195.231,209.051,245.628,264.556,282.383,267.811,268.033,245.773,308.056,370.171,397.63,430.786,457.203,600.389,684.48,796.261,981.217
Luxembourg,Total,1333,1368,1394,1242,1054,1096,1136,1139,1098,918,728,542,470,538,519,588,578,616,632,624,701,660,671,577,487,440,406,366,359.619,419.164,868.069,2809.567,2789.878,3381.942,3344.637,3527.592,3199.737,2724.166,3151.51,3230.949,2648.787,2755.854,1850.181,1904.402,1334.71,784.841,898.824,956.933,1065.81,1227.565
Mexico,Fossil fuels,16658,19008,20750,23812,28274,29746,32475,40140,43082,49161,47595,55870,59789,61912,65111,73724,81245,84381,88325,84296,95543,94858,96286,114905,107798,110919,123610,140978,141468,156722,168658,175619,197072,194062,201853,207404,217473,212265,222541,223863,247488,255831,245841,238849,251636,260776,259561.593,277314.61,264503,260997.2
Mexico,Nuclear,0,0,0,0,0,0,0,0,0,0,0,0,0,0,0,0,0,0,372,2937,4242,3919,4931,4239,8443,7878,10456,9265,10002,8221,8726,9747,10502,9194,10805,10866,10421,9804,10501,5879,10089,8770,11800,9677,11577,10567,10883,13675,11190,10864.271
Mexico,Renewable sources,14381,15352,16350,17172,15650,17778,19784,16850,19003,17801,25562,24178,22088,25018,27878,23410,22757,25481,29008,28604,28785,34087,34456,27987,36007,38894,33427,32061,40040,40732,36604,32855,28643,34327,38110.445,39531.914,37377.285,47245.71,34666.598,45748.193,45074.587,42361.193,39543.059,52893.038,47470.921,49148.548,51499.618,54413,55108,66878.566
Mexico,Total,31039,34360,37100,40984,43924,47524,52259,56990,62085,66962,73157,80048,81877,86930,92989,97134,104002,109862,117705,115837,128570,132864,135673,147131,152248,157691,167493,182304,191510,205675,213988,218221,236217,237583,250768.445,257801.914,265271.285,269314.71,267753.417,275537.987,302749.208,307227.973,297325.789,301495.764,310712.041,320564.159,322061.825,357592.61,344176,343488.422
Netherlands,Fossil fuels,44499,49225,51519,51484,50120,53393,53709,56325,59869,59582,59310,56150,55830,59050,58604,62385,64158,65083,68071,67092,69561,71833,71395,73879,74847,78352,80846,83654,79004,81277,84938,86631,87255,90553,86789,85745,91695,92238,96966,102386,95619,84936.321,84812.021,85848,89379.593,93338.188,93080.122,89082.134,91959.853,83816.343
Netherlands,Nuclear,405,326,1108,3277,3335,3872,3710,4060,3489,4200,3658,3897,3589,3711,3899,4216,3556,3675,4019,3502,3329,3800,3948,3967,4018,4160,2408,3814,3832,3926,3976,3915,4018,3822,3997,3469,4200,4169,4248,3969,4141,3915,2891,4091,4078.041,3960.278,3402.478,3514.77,3909.748,4087.363
Netherlands,Renewable sources,0,0,0,0,803,872,867,1211,1106,1024,1085,265,231,17,444,557,705,853,960,806.509,935.39,995.014,1107.049,1257.709,1404.606,1815.958,2015.383,2327.666,2507.384,2971.01,3302.195,3975.397,3961.849,5306.739,7446.935,8049.957,7582.729,9530.776,10835.016,11196.671,12320.182,12480.756,12105.834,11647.501,13671.94,14777.091,17436.567,18901.501,22731.753,32153.014
Netherlands,Total,44904,49551,52627,54761,54258,58137,58286,61596,64464,64806,64053,60312,59650,62778,62947,67158,68419,69611,73050,71968.102,74384.14,77257.233,77159.177,79866.581,81156.238,85423.456,86521.735,91114.507,86720.436,89630.027,93663.405,95982.021,96817.619,101213.681,99922.539,98832.122,105164.301,107551.973,113689.499,119269.286,113961.185,103235.009,101630.228,103357.364,110231.174,115168.065,117219.271,114102.852,121061.552,122478.861
New Zealand,Fossil fuels,1105,2081,2972,3049,2086,4956,5741,4486,1990,2171,2486,5484,4762,5719,6488,5224,5440,5071,6861,6382.731,7528.177,8953.957,7808.281,6188.496,5755.566,7568.565,11031.524,9092.252,11457.513,11118.305,14369.508,12300.467,13765.077,11746.546,15207.711,15249.222,15051.509,15597.169,12233.373,11970.471,10565.629,12437.101,11107.332,9032.566,8754.779,6835.213,8296.049,7328.007,8150.261,8679.127
New Zealand,Nuclear,0,0,0,0,0,0,0,0,0,0,0,0,0,0,0,0,0,0,0,0,0,0,0,0,0,0,0,0,0,0,0,0,0,0,0,0,0,0,0,0,0,0,0,0,0,0,0,0,0,0
New Zealand,Renewable sources,14373,15532,15559,15779,18478,16500,16090,17738,20092,20425,20988,19486,21731,21720,21236,23352,23681,24819,24497,25814.454,25701.719,23876.602,26399.85,28596.284,30238.502,28837.069,26010.346,28451.381,26293.54,28061.947,25150.681,28227.733,26901.419,30839.612,27598.347,28114.323,28687.71,28174.987,31157.215,32858.669,33913.045,31910.908,32328.385,34595.172,35570.082,36936.705,35977.348,37031.489,36612.521,36427.973
New Zealand,Total,15478,17613,18531,18828,20564,21456,21831,22224,22082,22596,23474,24970,26493,27439,27724,28576,29121,29890,31358,32264.262,33296.933,32897.673,34275.239,34851.916,36061.156,36473.07,37108.958,37610.721,37818.141,39247.34,39570.727,40627.855,40756.861,42674.915,42887.166,43439.819,43795.842,43832.178,43447.574,44890.296,44528.188,44385.82,43483.06,43678.445,44377.303,43826.46,44323.119,44412.294,44811.405,45168.705
Norway,Fossil fuels,283,175,162,56,71,96,229,133,146,137,127,268,321,327,337,413,488,421,442,88,94,94,99,253,273,371,324,308,373,292,343,353,460,508,530,637,936,606,4362,5031,4226,2835,2638,2787,2773,2776,2735,2794.069,2559.688,1712.764
Norway,Nuclear,0,0,0,0,0,0,0,0,0,0,0,0,0,0,0,0,0,0,0,0,0,0,0,0,0,0,0,0,0,0,0,0,0,0,0,0,0,0,0,0,0,0,0,0,0,0,0,0,0,0
Norway,Renewable sources,63245,67417,72867,76597,77330,81933,72022,80706,88698,83613,92834,92499,105688,105903,102388,96227,103294,108884,118429,121358,110343,116898,119483,111922,121829,104174,110027,115984,121750,142105,120745,129697,106028.4,109392,136520,120393,134934,140354,126487,117972,121901,143598,130415,137945,140073,145156,145479,142878.404,131322.181,151103.711
Norway,Total,63528,67592,73029,76653,77401,82029,72251,80839,88844,83750,92961,92767,106009,106230,102729,96666,103803,109332,118899,121611,110563,117112,119718,112323,122242,104698,110494,116431,122287,142511,121327,130240,106669,110107,137245,121222,136112,141197,130979,123227,126265,146577,133511,141255,143398,148432,148734,146178.041,134407.9,153299.781
Poland,Fossil fuels,67799,74270,82157,88823,94460,101698,106567,112790,114657,118183,111601,114603,122052,130945,133274,135984,141454,139959,141476,132740,130865,128756,129926,131204,134790,138859,138369,138208,137619,140765,140863,139579,147729,149036,151167,156115,153062,148017,142383,146073,149845,144721,146810,138473,141467,143066,145494.084,147442.082,137017.919,128108.756
Poland,Nuclear,0,0,0,0,0,0,0,0,0,0,0,0,0,0,0,0,0,0,0,0,0,0,0,0,0,0,0,0,0,0,0,0,0,0,0,0,0,0,0,0,0,0,0,0,0,0,0,0,0,0
Poland,Renewable sources,1670,1688,1679,2357,2201,1828,2222,2213,2047,2597,2406,1812,2037,1753,2249,1917,1854,1887,1712,1495,1508,1618,1549,1784,1955,2064,2132,2533,2352,2332,2783,2767,2250,3207,3847,4291,5430,6608,8678,10888,13137,16879,17067,19843,22683,22807,24122.125,21617.185,25458.832,28130.768
Poland,Total,69537,76045,83908,91271,96784,103648,108925,115121,116818,120941,114129,116542,124201,132848,135662,138058,143439,141961,143319,134438,132728,130687,131779,133294,137042,141194,140935,140771,140001,143174,143721,142499,150009,152550,155359,160764,158761,154710,151121,157089,163118,161711,164022,158508,164341,166153,169991.027,169622.05,163282.035,157115.792
Portugal,Fossil fuels,1583,1641,2267,2677,4055,5029,3575,3556,4644,6871,8494,8083,9622,9057,7569,11207,10336,9534,19067,18503,19881,24122,21552,19695,23764,18633,19906,24760,34214,30247,30172,35656,28540,32245,37623,32548,30392,30543,30893,25008,27448,25947,20764,20143,26601,26512,34840.542,28739.848,24049.497,21587.483
Portugal,Nuclear,0,0,0,0,0,0,0,0,0,0,0,0,0,0,0,0,0,0,0,0,0,0,0,0,0,0,0,0,0,0,0,0,0,0,0,0,0,0,0,0,0,0,0,0,0,0,0,0,0,0
Portugal,Renewable sources,6313,7199,7525,8008,6646,5017,10200,11043,11471,8335,5330,7274,8431,10138,11241,9120,9767,12886,6482,9839,9847,5501,9438,11638.999,9380,15784,14226.001,14147,8622,12868,15741,9733,17703,12314.482,8259.713,15721.992,16217.586,14640.853,18290.928,28352.826,24114.796,19371.217,29471.278,31561.519,24371.575,32310.643,22573.243,29402.063,27405.506,30381.324
Portugal,Total,7896,8840,9792,10685,10701,10046,13775,14599,16115,15206,13824,15357,18053,19195,18810,20327,20103,22420,25549,28342,29728,29623,30990,31333.999,33144,34417,34132.001,38907,42914,43372,46168,45650,46521,44827.935,46187.851,48575.781,46895.209,45473.478,49482.422,53691.32,51887.663,45577.24,50533.923,51960.976,51280.537,59142.447,57697.08,58401.172,51729.369,52226.221
Slovak Republic,Fossil fuels,9389,10274,10745,10177,11180,12056,12785,13154,12812,13187,12606,12184,11250,11153,10446,10338,9677,9263,9281,11581,11164,10245,9089,8508,10111,9978,9913,10059,10483,9657,9646,8813,9507,9273,8905,8361,7550,7437,6872,6886,7774,7265,6348,5277,5320,5262,5646,5900,6232,6165
Slovak Republic,Nuclear,0,3,232,486,187,442,114,19,2147,4523,5133,5840,6150,7239,9382,11716,11513,11474,12157,12036,11689,11050,11486,12595,11437,11249,11073,11394,13117,16494,17103,17953,17864,17026,17727,18012,15334,16703,14081,14574,15411,15495,15720,15499,15146,14774,15081,14843,15282,15417
Slovak Republic,Renewable sources,1476,1546,1322,2223,2002,2019,2408,2259,1884,2257,1966,1726,1832,1555,2117,1675,1932,1755,1962,1880,1408,1937,3467,4355,4880,4227,4064,4267,4474,4615,5081,5420,3581,4126,4676,4803,4934,4563,4911,5940,4999,5474,6353,6229,6040,6629,6532,5806,6644,6643
Slovak Republic,Total,10865,11823,12299,12886,13369,14517,15307,15432,16843,19967,19705,19750,19232,19947,21945,23729,23122,22492,23400,25497,24261,23232,24044,25458,26428,25454,25053,25732,28105,30798,31856,32212,30986,30460,31352,31251,27892,28760,25919,27464,28288,28328,28514,27148,26632,26817,27439,26682,28219,28304
Slovenia,Fossil fuels,..,..,..,..,..,..,..,..,..,..,..,..,..,..,..,..,..,..,..,4872,4184,4950,4955,4887,4882,4737,5065,5237,4794,4959,5341,5656,5528,5592,5652,5859,5964,5815,5753,5844,5812,5685,5392,4175,4806,5441,5311.622,5118.757,5026,4953.618
Slovenia,Nuclear,..,..,..,..,..,..,..,..,..,..,..,..,..,..,..,..,..,..,..,4622,4952,3971,3956,4609,4779,4647,5019,5042,4696,4761,5257,5528,5207,5459,5884,5548,5695,6273,5739,5657,6215,5528,5300,6370,5648,5715,6285.272,5776.439,5821.257,6352.766
Slovenia,Renewable sources,..,..,..,..,..,..,..,..,..,..,..,..,..,..,..,..,..,..,..,2950,3608,3423,3035,3399,3252,3673,3092,3449,3772,3904,3868,3414,3079,4215,3575,3703,3379,4308,4907,4749,3880,4329,5110,6611,4355,5057,4447.847,5232.766,5039.621,5583.565
Slovenia,Total,..,..,..,..,..,..,..,..,..,..,..,..,..,..,..,..,..,..,..,12444,12744,12344,11946,12895,12913,13057,13176,13728,13262,13624,14466,14598,13820,15271,15117,15115,15043,16399,16403,16255,15915,15548,15809,17163,14817,16221,16053.65,16138.262,15896.421,16900.857
Spain,Fossil fuels,27194,27634,40147,42234,48376,60571,46228,50072,51355,74128,78062,77917,77110,62986,65675,63738,63389,52199,71075,70776,71232,81180,74128,76351,85452,75357,96253,96877,118939,123614,119724,143436,139325,159622,184198,182377,187392,188773,163926,137736,145326,144620,112631,106689,122415,107194,126152,111218,110568,86504
Spain,Nuclear,2523,4751,6545,7223,7544,7555,6524,7649,6700,5186,9568,8771,10661,23086,28044,37458,41271,50466,56126,54268,55578,55782,56060,55313,55455,56330,55298,58993,58852,62206,63708,63016,61875,63606,57539,60126,55103,58973,52761,61990,57718,61470,56726,57305,57196,58633,58039,55766,58349,58279
Spain,Renewable sources,31868,35530,28968,30619,26178,21119,39937,40567,46648,29912,22366,26818,27607,32034,31898,27032,27946,35919,19890,26035,27813,19606,25128,29065,24381,41251,36977,36894,27210,34490,49295,33170,55762,50137.743,42269.979,52154.968,58290.208,62143.147,74080,97776.2,87522,86961.624,111404.861,110267.93,97088.454,104632.087,87924,103885,100988,112858
Spain,Total,61585,67915,75660,80076,82098,89245,92689,98288,104703,109226,109996,113506,115378,118106,125617,128228,132606,138584,147200,151209,154753,156704,155443,160907,165601,173371,189153,193399,205633,220917,233060,239905,257292,276619.743,289451.979,295587.968,301846.208,310978.147,291869,298320.2,291532,293941.624,281443.861,274947.93,277683.454,271302.087,272978,271983,271029,258805
Sweden,Fossil fuels,14272,16219,15678,15434,10625,15213,16221,11074,12600,10181,4460,4360,2841,2542,5144,5166,4715,4227,3250,3285,5039,5956,6916,8088,7732,12276,7183,6848,6718,4531,5921,7180,8907,5213,3890,4242,3606,3711,3878,7326,4398,2932,2693,1811,1938,2072,1790,2089,1684,2228
Sweden,Nuclear,90,1465,2111,2054,11969,15993,19913,23781,21039,26488,37679,39045,41004,50926,58561,69951,67385,69424,65603,68185,76761,63544,61395,73156,69935,74274,69928,73583,73188,57316,72109,68111,67415,77486,72377,66977,66969,63889,52173,57828,60475,64037,66457,64877,56348,63101,65696,68549,66130,48916
Sweden,Renewable sources,52172,53969,60271,57622,57958,55186,53855,58029,61427,59589,60674,56068,64994,69759,72796,62913,73813,71924,73940,74452,65109,76373,76871,61402,70556,54003,72033,78098,74747,83140,83321,71145,58731,68186,81231,71068,77424,81408,79810,82086,84088,98309,82688,85742,102496,89127,95058,91153,98933,109753
Sweden,Total,66534,71653,78060,75110,80552,86392,89989,92884,95066,96316,102846,99512,108869,123268,136539,138084,145977,145641,142916,145984,146970,145936,145247,142700,148293,140627,149206,158791,154838,145231,161595,146700,135379,151683,158364,143283,148819,149896,136610,148445,150283,166435,153031,153555,161985,155891,164225,163360,168417,162567
Switzerland,Fossil fuels,2915,3570,2604,2265,1743,2202,2017,1875,1814,851,587,652,669,577,565,600,610,582,612,751.752,1024.461,1236.529,814.733,935.94,1088.026,1182.535,1148.781,1490.578,1198.477,1083.835,1092.62,1115.815,1170.46,1145.952,1084.099,986.431,916.661,857.978,815.374,1095.134,1012.29,963.482,798.986,537.217,665.163,892.263,759.196,644.898,636.783,648.021
Switzerland,Nuclear,1391,3840,6310,7067,7761,7939,8114,8395,11805,14346,15330,15133,15710,18440,22558,22581,23003,22792,22836,23636,22953,23448,23351,24363,24895,25142,25409,25830,25830,26446,26811,27234,27487,26958,23341,27819,27925,27700,27686,26339,26710,25441,25990,27557,23089,21146,20376.455,25512.63,26417.6,24024.55
Switzerland,Renewable sources,26875,24469,27903,27770,33475,25947,35759,31980,31846,32978,35917,36723,35816,30538,32414,33360,35182,36304,30301,30224.356,32475.552,33530.056,36258.535,39611.35,35457.844,29378.525,34751.062,34199.174,40797.411,37691.63,42205.125,36105.602,35733.633,34751.526,32279.507,32139.345,36477.826,37326.172,37033.581,37471.729,34018.502,40527.296,40675.94,40669.011,41108.583,37809.481,37761.807,38877.645,42235.898,42440.556
Switzerland,Total,31181,31879,36817,37102,42979,36088,45890,42250,45465,48175,51834,52508,52195,49555,55537,56541,58795,59678,53749,54976.041,56842.818,58655.158,60863.161,65406.233,61957.998,56262.319,62018.964,62324.482,68695.637,66125.064,71057.294,65422.208,65345.086,63865.231,57788.306,62135.811,66437.729,67040.929,66676.049,66052.132,62880.5,68134.761,68705.649,70078.128,66057.324,61097.252,60148.264,66290.023,70548.739,68393.793
Turkey,Fossil fuels,7009,7863,9625,9914,9499,9747,11775,12254,12088,11791,11947,12385,16004,17165,22168,27778,25677,19030,34042,34315,37444,40657,39723,47605,50398,54127,63103,68462,81528,93714,98333,95390,104985,104359,122120,131681,154982,163920,156583,155371,171169,174151,170641,198984,177608,183426,209166.154,206060.556,170518.329,175922.911
Turkey,Nuclear,0,0,0,0,0,0,0,0,0,0,0,0,0,0,0,0,0,0,0,0,0,0,0,0,0,0,0,0,0,0,0,0,0,0,0,0,0,0,0,0,0,0,0,0,0,0,0,0,0,0
Turkey,Renewable sources,2772,3380,2800,3563,6124,8536,8790,9472,10434,11484,12726,14167,11343,13448,12051,11917,18676,29018,18002,23228,22802,26685,34085,30716,35849,40735,40193,42560,34912,31154,24346,33966,35559,46311,39748,44522,36457,34421,38141,55712,58098,65216,69220,52629,83658,90245,87235.434,97767.92,132260.768,128421.013
Turkey,Total,9781,11243,12425,13477,15623,18283,20565,21726,22522,23275,24673,26552,27347,30613,34219,39695,44353,48048,52044,57543,60246,67342,73808,78321,86247,94862,103296,111022,116440,124922,122725,129400,140581,150698,161956,176299,191558,198418,194812,211208,229393,239496,240154,251963,261783,274408,297277.524,304801.884,303897.56,305431.385
United Kingdom,Fossil fuels,224850,229998,249497,234719,236701,235436,237839,245243,256092,243157,234381,223174,221087,222429,229533,235509,242269,238304,236183,246112,245398,236030,226428,229436,236242,248540,243605,252361,259943,278823,280205,282756,293317,294977,294315,297482,308333,308698,276941,289189,259064,247149,229588,204457,178875.802,176682.083,161646.367,150667.218,139728.651,121215.5
United Kingdom,Nuclear,27548,29378,27997,33617,30338,36155,40021,37224,38308,37023,37969,43972,49928,53979,61095,59079,55238,63456,71734,65749,70543,76807,89353,88282,88964,94671,98146,99486,95133,85063,90094,87848,88686,79999,81618,75451,63028,52486,69098,62140,68980,70405,70607,63748,70344.902,71726.081,70336.426,65063.849,56183.934,50278.3
United Kingdom,Renewable sources,3358,3391,3858,4066,3751,3688,3870,3995,4245,3891,4347,4530,4552,3988,4091,4767,4137,4934,4758,5811,5323,6405,5718,6955,6871,5685,6946,8649,9616,9970,9549,11127,10618,14137,16938,18106,19689,21847,25245,26182,35213,41250,53215,64523,84060.974,82981.247,98866.599,110038.117,120505.012,134297.7
United Kingdom,Total,255756,262767,281352,272402,270790,275279,281730,286462,298645,284071,276697,271676,275567,280396,294719,299355,301644,306694,312675,317755,321352,319346,321665,325024,332489,349313,349180,361079,365250,374375,382368,384595,395464,391278,395426,393430,392971,384830,373071,378921,365078,360913,355386,335217,336831.662,336257.91,335061.689,330005.683,321087.511,311342.8
United States,Fossil fuels,1398490,1520470,1608210,1529147,1520945,1644747,1739593,1736734,1801990,1876547,1878278,1759469,1795865,1882899,1919875,1894889,1984738,2078319,2239417,2211966,2241417,2274693,2378991,2425384,2448570,2500516,2589971,2711858,2736469,2882270,2771591,2858235,2890533,2961136,3078075,3049191,3111787,3100548,2892882,3060149,2960191,2941052,2907720,2913787,2882404,2806893,2691535.679,2834295.376,2745142.583,2557949
United States,Nuclear,40552,57813,89167,121251,183512,202570,265936,292987,270464,266183,289034,299739,311298,347292,406712,438880,482586,558591,561165,611589,649399,655970,646987,678920,713806,715212,666363,714124,771811,797718,792604,804519,787818,813339,810726,816195,836634,837804,830210,838931,821405,801129,822004,830584,830288,839918,838861.365,841328.625,843330.055,823191
United States,Renewable sources,264338,272826,268132,306937,306703,290640,226925,286721,287209,284590,269712,317427,341877,332582,295342,305955,249863,221132,327304,369241,350142,324316,355578,336458,384343,422867,403130,365559,351308,330364,260426,348137,360433,357987,366205,395209,361815,391022,428696,440677,528962,512822,541802,560657,568439,637076,718175.056,743178.772,767033.52,835250.75
United States,Total,1703380,1851109,1965509,1957335,2011160,2137957,2232454,2316442,2359663,2427320,2437024,2376635,2449040,2562773,2621929,2639724,2717187,2858042,3127886,3202813,3254890,3270597,3391520,3451830,3558374,3651244,3672220,3804504,3873638,4025885,3838831,4026399,4054649,4148080,4268887,4275011,4323915,4342980,4165395,4354363,4326635,4270884,4287114,4320317,4297048,4299595,4263676.651,4433935.757,4370988.105,4231316.75
OECD Total,Fossil fuels,2846812,3087150,3354921,3253089,3243894,3546535,3652438,3736849,3863125,3936003,3871730,3739279,3794507,3903963,3935891,3921596,4090613,4226029,4540596,4592115.915,4669748.611,4704380.796,4743746.528,4944157.89,5019430.255,5164731.722,5314319.163,5513921.428,5629119.057,5935492.785,5880182.917,6081798.627,6253524.584,6340637.162,6520812.15,6534914.81,6804086.926,6732277.199,6344189.325,6671774.451,6685576.377,6703994.882,6574377.319,6424780.357,6379103.391,6339939.508,6235092.091,6285271.402,6008170.424,5661363.913
OECD Total,Nuclear,103693,142038,188496,242082,335311,385175,479629,561515,575569,620668,730245,783530,882812,1056992,1259397,1377191,1479604,1601763,1656336,1746485.703,1837945.852,1859479.068,1924800.053,1986522.701,2066830.999,2123594.607,2095490.424,2153406.898,2223185.864,2257556.543,2290814.512,2295684.715,2244058.328,2339109.148,2361936.543,2369771.205,2288156.228,2290637.915,2253010.614,2288371.48,2086964.766,1951583.43,1962360.421,1980260.009,1970960.036,1965737.808,1955422.993,1979185.801,1985509.635,1860595.503
OECD Total,Renewable sources,896561,940217,939662,1037495,1042594,1005311,1015312,1086933,1138151,1129182,1150156,1188455,1242473,1249102,1246134,1247125,1237142,1253991,1284053,1352287.685,1353562.004,1354561.829,1438962.15,1401124.021,1490854.699,1529756.34,1531753.701,1500847.637,1512794.814,1550212.023,1455442.229,1530361.089,1530449.749,1598461.876,1640303.049,1698949.207,1711864.814,1818343.003,1862070.943,1963435.808,2110725.226,2212753.555,2351052.025,2425716.222,2528225.196,2648037.73,2798973.199,2917641.925,3035076.276,3243092.408
OECD Total,Total,3847134,4169492,4483151,4534687,4623929,4939425,5149753,5387807,5579643,5688672,5754368,5714343,5922385,6212931,6444210,6549065,6810411,7085450,7485369,7726572.66,7902095.755,7961770.003,8145687.122,8373729.272,8621972.703,8865713.646,8990026.534,9214862.375,9412433.026,9793578.416,9680371.308,9963111.164,10082334.77,10335252.71,10584158.66,10663142.91,10862479.13,10900563.87,10523853.42,10995762.87,10959419.73,10945335.29,10965923.38,10910052.09,10957749.81,11042948.82,11079479.03,11283330.49,11131866.46,10862892.8
Brazil,Fossil fuels,..,..,..,..,..,..,..,..,..,..,..,..,..,..,..,..,..,..,..,10017,11154,11731,11515,11893,13583,16328,18458,19504,29005,30243,36902,35049,32958,41974,41232,41132,38927,58408,37753,63878,52070,79983,116631,142166,135232,96758,103649.912,87575.489,91981.671,81738.642
Brazil,Nuclear,..,..,..,..,..,..,..,..,..,..,..,..,..,..,..,..,..,..,..,2237,1442,1759,442,55,2519,2427,3169,3265,3977,6046,14279,13836,13358,11611,9855,13754,12350,13969,12957,14523,15659,16038,15450,15378,14734,15864,15739.196,15673.887,16128.824,14052.598
Brazil,Renewable sources,..,..,..,..,..,..,..,..,..,..,..,..,..,..,..,..,..,..,..,210567,221781,228242,240019,248093,259499,272523,286355,298979,301368,312249,276891,296372,317571,333334,351141,363765,392685,390210,414828,436929,463472,456097,438417,432543,431100,465819,467023.562,495289.884,515438.134,522869.446
Brazil,Total,..,..,..,..,..,..,..,..,..,..,..,..,..,..,..,..,..,..,..,222821,234377,241732,251976,260041,275601,291278,307982,321748,334716,348910,328508,345671,364339,387453,403033,419337,445147,463067,466121,515713,531757,552401,570838,590479,581488,578897,589327.254,601396.485,626328.387,621197.506
People's Republic of China,Fossil fuels,..,..,..,..,..,..,..,..,..,..,..,..,..,..,..,..,..,..,..,494480,552460,621470,684833,745584,801419,876296,922548,942536,1018140,1113413,1182711,1337601,1580101,1795567,2042927,2364229,2718749,2783801,2981276,3332623,3819124,3881107,4209233,4370875,4264019,4422641,4760803.782,4969985.001,5098875.43,5230162.999
People's Republic of China,Nuclear,..,..,..,..,..,..,..,..,..,..,..,..,..,..,..,..,..,..,..,0,0,0,1604,14756,12833,14338,14418,14100,14949,16737,17472,25127,43342,50469,53088,54843,62130,68394,70134,73880,86350,97394,111613,132538,170789,213287,248070,294359,348355,366247
People's Republic of China,Renewable sources,..,..,..,..,..,..,..,..,..,..,..,..,..,..,..,..,..,..,..,126788,125165,132601,151962,167905,193662,189606,198922,210864,206838,225588,280766,291436,287312,357466,404451,446882,500911,614990,663651,781638,788618,995264,1103418,1287729,1392598,1521684,1659749.829,1832838.205,2014901.633,2157704.789
People's Republic of China,Total,..,..,..,..,..,..,..,..,..,..,..,..,..,..,..,..,..,..,..,621268,677625,754071,838399,928245,1007914,1080240,1135888,1167500,1239927,1355738,1480949,1654164,1910755,2203502,2500466,2865954,3281790,3467185,3715061,4197204,4704861,4984732,5436567,5804098,5838435,6169025,6682009.407,7109823.853,7472175.012,7764415.789
India,Fossil fuels,..,..,..,..,..,..,..,..,..,..,..,..,..,..,..,..,..,..,..,211641.44,237331.92,256098.79,280453.03,297050.54,337002.49,357807.48,380024.48,400870.57,440840.12,467794.55,483708.21,510361.32,536564.87,559437.24,571541.11,609856.06,649962.84,687856.41,746188.81,786425.72,840256.97,902399.98,940842.36,1039678.14,1111129.95,1163015.03,1214396.45,1281353.32,1251707.95,1240508.427
India,Nuclear,..,..,..,..,..,..,..,..,..,..,..,..,..,..,..,..,..,..,..,6141,5525,6726,5398,5648,7982,9071,10083,11922,13249.12,16902.49,19474.59,19390,17780,17011,17324,18802,16957,14927,18636.44,26266.4,32286.56,32866.11,34227.79,36101.54,37413.62,37916,38346,37812.6,46472.45,43029.08
India,Renewable sources,..,..,..,..,..,..,..,..,..,..,..,..,..,..,..,..,..,..,..,71687.89,72813.57,69973.72,70577.21,82926.89,73142.84,69923.64,75824.58,84259.84,82495.61,76361.49,76435.76,73019.84,85969.44,98977.36,119413.876,138461.401,150195.789,141966.089,144332.496,161413.155,187739.083,179753.234,208734.625,212533.156,207587.05,230206.655,255412.704,288026.286,324746.285,326632.235
India,Total,..,..,..,..,..,..,..,..,..,..,..,..,..,..,..,..,..,..,..,289470.33,315670.49,332798.51,356428.24,385625.43,418127.33,436802.12,465932.06,497052.41,536584.85,561058.53,579618.56,602771.16,640347.31,675495.1,708357.486,767225.961,817324.629,845003.999,909462.246,974483.275,1060776.613,1115615.824,1184473.275,1289059.336,1356988.12,1431969.685,1508987.154,1607941.706,1623691.185,1610967.761
Indonesia,Fossil fuels,..,..,..,..,..,..,..,..,..,..,..,..,..,..,..,..,..,..,..,25834,29664,31617,36422,43317,49448,57206,66911,65735,73781,78434,83560,92035,97566,103813,110178,116759,123808,129442,136028,142842,161405,177538,189494,201709,209052,216761,222607.94,234321.25,245822.242,238909.811
Indonesia,Nuclear,..,..,..,..,..,..,..,..,..,..,..,..,..,..,..,..,..,..,..,0,0,0,0,0,0,0,0,0,0,0,0,0,0,0,0,0,0,0,0,0,0,0,0,0,0,0,0,0,0,0
Indonesia,Renewable sources,..,..,..,..,..,..,..,..,..,..,..,..,..,..,..,..,..,..,..,6833,7676,9896,8978,8041,9745,10518,7716,12303,12134,14891,17694,16182,15408,16350,17351,16313,18343,19884,20746,26913,21997,22477,26506,26149,24922,31156,31965.58,49138.28,49290.04,49062.54
Indonesia,Total,..,..,..,..,..,..,..,..,..,..,..,..,..,..,..,..,..,..,..,32667,37340,41513,45400,51358,59193,67724,74627,78038,85915,93325,101254,108217,112974,120163,127529,133072,142151,149326,156774,169755,183417,200030,216020,227876,233984,247920,254868.72,283770.76,295122.782,287982.851
Morocco,Fossil fuels,..,..,..,..,..,..,..,..,..,..,..,..,..,..,..,..,..,..,..,8408,7979,8755,9467,10630,11481,10581,11510,11191,12070,12081,13969,14191,14919,15898,18105,18683,18703,19333,18186,19545,22308,24976,22594,24125,25108,25776,26874.8,27730.667,32413.775,31352.72
Morocco,Nuclear,..,..,..,..,..,..,..,..,..,..,..,..,..,..,..,..,..,..,..,0,0,0,0,0,0,0,0,0,0,0,0,0,0,0,0,0,0,0,0,0,0,0,0,0,0,0,0,0,0,0
Morocco,Renewable sources,..,..,..,..,..,..,..,..,..,..,..,..,..,..,..,..,..,..,..,1220,1226,964,443,840,611,1957,2083,1777,825,782,1077,1044,1659,1807,1185,1181,1194,1227,2959,4127,2698,2359,4141,3561,4409,4656,4634.9,6484.341,7543.466,6979.362
Morocco,Total,..,..,..,..,..,..,..,..,..,..,..,..,..,..,..,..,..,..,..,9628,9205,9719,9910,11470,12092,12538,13593,12968,12895,12863,15046,15235,16578,17705,19290,19864,19897,20560,21145,23672,25006,27335,28037,28988,30819,31734,32811.7,35517.145,41259.378,39634.219
Singapore,Fossil fuels,..,..,..,..,..,..,..,..,..,..,..,..,..,..,..,..,..,..,..,15544,16431,17184,18472,20359,21754,23610,26408,27885,29030,31175,32143,33718,34342,35853,37257,38488,40159,40669,40756,45207,44802,45675,46597,47929,48864,50089,50763.358,51476.438,52626.318,51648.485
Singapore,Nuclear,..,..,..,..,..,..,..,..,..,..,..,..,..,..,..,..,..,..,..,0,0,0,0,0,0,0,0,0,0,0,0,0,0,0,0,0,0,0,0,0,0,0,0,0,0,0,0,0,0,0
Singapore,Renewable sources,..,..,..,..,..,..,..,..,..,..,..,..,..,..,..,..,..,..,..,85,245,245,245,245,245,245,245,245,245,245,473,473,495,479,478,477,487,525,535,592,611,638,742,823,923,988,1020.551,1086.44,1256.651,1298.344
Singapore,Total,..,..,..,..,..,..,..,..,..,..,..,..,..,..,..,..,..,..,..,15714,16921,17674,18962,20849,22244,24100,26898,28375,29520,31665,33089,34664,35332,36811,38213,39442,41133,41718,41823,46386,46016,46938,47971,49382,50420,51677,52391.862,53144.082,54469.62,53415.474
South Africa,Fossil fuels,..,..,..,..,..,..,..,..,..,..,..,..,..,..,..,..,..,..,..,155926,155388,156717,165960,169402,173551,186342,192869,187527,186662,193419,195162,203931,217619,226332,229133,237614,247986,240964,232257,242069,243637,241366,237579,232332,228682,226667,226376.738,227973.769,221721.189,210184.225
South Africa,Nuclear,..,..,..,..,..,..,..,..,..,..,..,..,..,..,..,..,..,..,..,8449,9144,9288,7255,9697,11301,11775,12647,13601,12837,13010,10719,11991,12663,13365,11293,10026,11317,13004,12806,12099,13502,11954,14106,13794,12237,15026,14193,11580,13252,12374.43
South Africa,Renewable sources,..,..,..,..,..,..,..,..,..,..,..,..,..,..,..,..,..,..,..,1010,1980,752,146,1074,529,1379,2238,1826,923,1408,2292,2642,966,1233,1629,3211,1197,1551,1752,2480,2437,1593,1507,3345,5817,7760,10085.589,12253.459,12606.132,12103.163
South Africa,Total,..,..,..,..,..,..,..,..,..,..,..,..,..,..,..,..,..,..,..,165385,166512,166757,173361,180173,185381,199496,207754,202954,200422,207837,208173,218564,231248,240930,242055,250851,260500,255519,246815,256648,259576,254913,253192,249471,246736,249453,250655.327,251807.228,247579.321,234661.818
Thailand,Fossil fuels,..,..,..,..,..,..,..,..,..,..,..,..,..,..,..,..,..,..,..,39200,45598,52859,59704,66662,73082,81640,85681,84554,85637,89440,95623,100854,108531,118405,124867,129145,133704,137592,138086,150494,143098,151633,156420,158035,163205,162902,156066.451,151991.842,156933.721,156551.752
Thailand,Nuclear,..,..,..,..,..,..,..,..,..,..,..,..,..,..,..,..,..,..,..,0,0,0,0,0,0,0,0,0,0,0,0,0,0,0,0,0,0,0,0,0,0,0,0,0,0,0,0,0,0,0
Thailand,Renewable sources,..,..,..,..,..,..,..,..,..,..,..,..,..,..,..,..,..,..,..,4976,4587,4239,3703,4515,7001,8202,7545,5498,4402,6537,6797,8159,8452,7322,7330,9597,9935,9752,10254,8968,12582,13790,13693,14173,14022,25363,25873.227,30296.604,33747.623,29628.248
Thailand,Total,..,..,..,..,..,..,..,..,..,..,..,..,..,..,..,..,..,..,..,44176,50185,57098,63407,71177,80083,89842,93226,90052,90039,95977,102420,109013,116983,125727,132197,138742,143639,147344,148340,159462,155680,165423,170113,172208,177227,188265,181939.678,182288.446,190681.344,186180
Non-OECD Total,Fossil fuels,1058601.008,1154666.367,1251356.139,1299523.92,1402696.26,1513359.65,1587147.5,1680314.85,1774361.77,1858232.85,1920803.26,2023112.97,2118535.4,2218823.86,2308950.5,2470982.08,2626351.44,2728520.88,2857795.54,2909264.44,2964653.92,3005790.79,3059281.03,3082005.54,3222155.49,3374529.48,3498781.48,3585812.57,3769615.12,4019929.55,4191810.21,4477026.32,4885272.87,5257689.24,5635886.11,6164581.06,6696587.84,6931215.41,7136643.81,7808990.72,8441105.97,8747918.98,9207559.564,9621392.271,9715161.619,9999196.769,10452837.42,10796433.84,10999457.03,..
Non-OECD Total,Nuclear,7394,10437,14700,30629,48302,55423,57313,64477,73184,92707,112065,126438,152318,198352,232701,224140,258201,289486,282753,266416,267841,264209,265702,255776,265120,293599,297611,291803,307962.12,333067.49,346870.59,365094,391293,398903,406015,421700,431073,442447,443170.44,467917.4,495674.56,508702.11,516744.79,555144.54,599110.62,642664,680694.245,729914.898,804184.767,818259.723
Non-OECD Total,Renewable sources,344035.11,363991.694,381935.846,422680.28,444578.92,473039.1,512123.75,560861.22,597425.06,643262.06,666409.24,675784,705597.27,766782.29,804559.29,842948.09,861747.09,916746.45,936895.83,942846.99,977322.37,990368.557,1039410.469,1105603.633,1140053.709,1137937.517,1176201.419,1228838.238,1242037.227,1277852.768,1324163.428,1349764.434,1388102.749,1527981.507,1655446.372,1749859.054,1842062.245,1935229.999,2038679.686,2237909.273,2299931.278,2516997.548,2709469.992,2876952.492,2983043.699,3243513.173,3451217.555,3762031.226,3979419.278,..
Non-OECD Total,Total,1410030.118,1529095.061,1647991.985,1752833.2,1895577.18,2041821.75,2156584.25,2305653.07,2444970.83,2594201.91,2699277.5,2825334.97,2976450.67,3183958.15,3346210.79,3538155.17,3746384.53,3934838.33,4077529.37,4118612.43,4210067.29,4262501.347,4366446.499,4445256.173,4629247.199,4808058.997,4974599.899,5108551.808,5322791.467,5634849.808,5867716.228,6196942.754,6669019.619,7189180.247,7703072.982,8341753.614,8975308.085,9314350.909,9624206.436,10530229.39,11253948.81,11791204.14,12454139.85,13074840.8,13317107.44,13904795.94,14609023.56,15311912.92,15804091.67,..
Africa,Fossil fuels,67976,72858,80415,85203,93795,99727,103439,111238,122213,136390,155495,165470,176352,192245,203357,208237,224912,229697,237930,250341,253219,259362,273653,282326,290454,307913,322239,324298,332604,351810,364230,389679,410750,436061,456771,479450,502315,494830,496784,543988,547995,575539,585328.205,599475.531,623272.269,630292.939,644546.291,651867.378,665297.438,..
Africa,Nuclear,0,0,0,0,0,0,0,0,0,0,0,0,0,3925,5315,8803,6167,10493,11099,8449,9144,9288,7255,9697,11301,11775,12647,13601,12837,13010,10719,11991,12663,13365,11293,10026,11317,13004,12806,12099,13502,11954,14106,13794,12237,15026,14193,11580,13252,12374.43
Africa,Renewable sources,23661,28962,30357,36426,38383,42482,46313,44547,48099,47647,49667,49762,44929,44324,48111,51002,48300,53269,56283,57079,61731,58757,58369,59172,61388,64045,65630,68592,73740,77045,84489,86681,85409,90487,92769,96940,98905,100521,104306,115771,116369.593,118210.291,125392.221,135545.035,138177.93,140249.756,148981.227,163149.536,170423.904,..
Africa,Total,91637,101820,110772,121629,132178,142209,149752,155785,170312,184037,205162,215232,221281,240494,256783,268042,279379,293459,305312,315869,324094,327407,339277,351195,363143,383733,400516,406491,419181,441972,459537,488502,508967,540074,560975,586446,612585,608401,613945,672424,678162.593,706038.291,726440.426,750385.566,775239.199,787142.695,809303.784,828270.423,850619.361,..
Non-OECD Americas,Fossil fuels,62109,66205,70686,68748,69695,74846,81999,85433,91539,95432,97213,96076,97695,96958,95076,107406,107263,115850,117187,109838,111592,119370,120971,124331,137765,148651,153167,167266,188736,195261,204870,206982,215791,235489,242719,252072,264019,293522,272271,311758,304993,351039,391060,419483,431128,394160,365015.557,347734.919,343452.305,..
Non-OECD Americas,Nuclear,0,0,0,1036,2517,2572,1637,2896,2692,2340,2816,1870,3406,6284,9147,5855,7438,6406,6869,9518,9198,8840,8192,8290,9585,9886,11130,10718,11083,12223,21338,19657,20924,19480,16728,21445,19567,21299,21119,21694,22030,22433,21657,20892,21773,24149,21852.809,22575.403,24606.982,24759.422
Non-OECD Americas,Renewable sources,63950,71992,81883,94121,102526,115708,129121,142670,163162,183219,188150,203610,220975,243305,262375,280930,299022,309340,317129,333393,352761,362788,387103,408006,421765,440143,469805,483842,486906,512956,477510,501062,524265,544214,575697,598785,629469,633923,659454,676405,713091,708692,701164,672877,688606,723152,735757.389,767924.69,772348.168,..
Non-OECD Americas,Total,126059,138197,152569,163905,174738,193126,212757,230999,257393,280991,288179,301556,322076,346547,366598,394191,413723,431596,441185,452749,473551,490998,516266,540627,569115,598680,634102,661826,687091,720812,704154,728115,761432,799717,835949,872988,914240,949224,953427,1010240,1040670,1082447,1114221,1113644,1141929,1141917,1125540.339,1141092.237,1143187.213,..
Non-OECD Asia (including China),Fossil fuels,197743.008,221249.367,239643.139,242691.92,277850.26,301562.65,332191.5,374557.85,404570.77,430380.85,438112.26,464999.97,492733.4,535157.86,585670.5,652509.08,740385.44,814637.88,890831.54,949364.44,1061586.92,1175417.79,1294868.03,1391264.54,1525873.49,1662173.48,1774215.48,1837119.57,1973328.12,2139465.55,2254100.21,2476157.32,2786208.87,3075527.24,3374399.11,3766872.06,4198183.84,4309814.41,4592978.81,5053141.72,5613888.97,5776365.98,6175951.36,6490548.14,6512990.95,6789906.03,7209362.983,7528923.426,7698864.246,..
Non-OECD Asia (including China),Nuclear,1294,1237,2700,2665,3231,3862,2792,5671,9312,11202,13839,15289,22678,28988,34055,32393,38665,36722,32931,39300,41200,41153,41853,55786,56614,61543,61145,63130,67013.12,74139.49,74723.59,85810,101774,109765,112868,115803,122703,125766,133235.44,145195.4,166017.56,175235.11,192569.79,216832.54,249278.62,289863,318741.531,369763.007,437157.867,451223.659
Non-OECD Asia (including China),Renewable sources,80946.11,84620.694,93330.846,99847.28,109690.92,113169.1,116914.75,126970.22,134604.06,143501.06,159784.24,169787,186989.27,198543.29,205134.29,217237.09,215571.09,241621.45,262339.83,281524.89,280023.57,290966.72,307392.21,346089.89,368066.84,360235.64,369745.58,395802.84,395821.61,412815.49,476916.76,483447.84,499567.44,583078.36,658035.876,732064.401,801122.789,915481.089,970989.496,1119424.155,1170188.083,1387332.234,1540467.625,1736347.156,1836004.05,2029343.655,2224022.715,2459563.382,2666996.746,..
Non-OECD Asia (including China),Total,279983.118,307107.061,335673.985,345204.2,390772.18,418593.75,451898.25,507199.07,548486.83,585083.91,611735.5,650075.97,702400.67,762689.15,824859.79,902224.17,994706.53,1093066.33,1186187.37,1270274.33,1383060.49,1507797.51,1644374.24,1793432.43,1950919.33,2084418.12,2205608.06,2296657.41,2436899.85,2627410.53,2807232.56,3047113.16,3389532.31,3770497.1,4147466.486,4616933.961,5124372.629,5353473.999,5699653.246,6329463.275,6963704.613,7352865.824,7924396.275,8459904.336,8612667.12,9123839.685,9769108.915,10374515.14,10816459.03,..
Non-OECD Europe and Eurasia,Fossil fuels,714812,775907,836605,875862,930250,1000561,1027139,1060694,1092336,1123028,1145295,1193022,1234443,1257580,1274529,1342330,1379846,1380702,1413195,1388057,1324842,1210458,1100692,994102,963828,933623,905445,884401,877169,911653,922399,928154,972011,976675,993040,1056150,1080769,1122872,1030165,1088675,1137804,1152104,1133429.999,1115816.6,1101041.4,1110768.8,1106484.41,1131955.89,1124866.012,..
Non-OECD Europe and Eurasia,Nuclear,6100,9200,12000,26928,42554,48989,52884,55910,61180,79165,95410,109279,126234,159155,184184,177089,205931,235865,231854,209149,208299,204928,208402,182003,187620,210395,212689,204354,217029,233695,240090,247636,255932,256293,265126,274426,277486,282378,276010,288929,293798,297233,283866,299154,312908,307006,318393.241,318546.036,322020.138,322965.465
Non-OECD Europe and Eurasia,Renewable sources,171709,173820,172738,187315,188523,195216,212428,236822,241908,259174,258461,241969,242539,270340,278852,282239,284375,299162,287733,258927.1,271598.8,264250.837,272796.259,280946.743,277789.869,262179.877,260154.839,269465.398,276892.617,267004.278,275725.668,266751.594,263230.309,293727.147,301337.496,292883.653,284561.456,273302.91,290686.19,308315.118,280693.602,281443.023,318273.146,311964.301,301678.719,327816.762,320988.497,347479.228,341227.727,..
Non-OECD Europe and Eurasia,Total,892621,958927,1021343,1090105,1161327,1244766,1292451,1353426,1395424,1461367,1499166,1544270,1603216,1687075,1737565,1801658,1870152,1915729,1932782,1856133.1,1804739.8,1681509.837,1583682.259,1458630.743,1430790.869,1407724.877,1379792.839,1359713.398,1373164.617,1414883.278,1441059.668,1445336.594,1492945.309,1528480.147,1562118.496,1626162.653,1644805.456,1681072.91,1599492.19,1688680.118,1715070.602,1733815.023,1738573.145,1730146.901,1719052.119,1748256.562,1748660.957,1800718.055,1791278.516,..
Middle East,Fossil fuels,15961,18447,24007,27019,31106,36663,42379,48392,63703,73002,84688,103545,117312,136883,150318,160500,173945,187634,198652,211664,213414,241183,269097,289982,304235,322169,343715,372728,397778,421740,446211,476054,500512,533937,568957,610037,651301,710177,744445,811428,836425,892871,921790,996069,1046729,1074069,1127428.175,1135952.222,1166977.03,..
Middle East,Nuclear,0,0,0,0,0,0,0,0,0,0,0,0,0,0,0,0,0,0,0,0,0,0,0,0,0,0,0,0,0,0,0,0,0,0,0,0,0,0,0,0,327,1847,4546,4472,2914,6620,7513.664,7450.452,7147.78,6936.747
Middle East,Renewable sources,3769,4597,3627,4971,5456,6464,7347,9852,9652,9721,10347,10656,10165,10270,10087,11540,14479,13354,13411,11923,11208,13606,13750,11389,11044,11334,10866,11136,8677,8032,9522,11822,15631,16475,27607,29186,28004,12002,13244,17994,19589,21320,24173,20219,18577,22951,21467.727,23914.39,28422.733,..
Middle East,Total,19730,23044,27634,31990,36562,43127,49726,58244,73355,82723,95035,114201,127477,147153,160405,172040,188424,200988,212063,223587,224622,254789,282847,301371,315279,333503,354581,383864,406455,429772,455733,487876,516143,550412,596564,639223,679305,722179,757689,829422,856341,916038,950509,1020760,1068220,1103640,1156409.566,1167317.064,1202547.543,..
IEA Total,Fossil fuels,2831897,3072248,3339306,3236888,3227975,3529205,3633921,3716817,3841512,3913843,3848728,3715976,3769934,3877987,3909465,3894985,4062302,4194289,4505156,4536203.915,4614900.611,4655221.796,4695771.528,4892743.89,4963988.255,5104749.722,5245344.163,5434153.428,5548622.057,5853138.785,5796260.917,5996484.627,6163297.584,6246942.162,6427496.15,6438436.81,6696712.926,6623721.199,6232468.325,6546924.451,6563616.377,6572339.882,6433661.319,6294573.357,6235175.391,6193855.508,6100289.453,6146739.035,5861285.947,5519900.615
IEA Total,Nuclear,103693,142038,188496,242082,335311,385175,479629,561515,575569,620668,730245,783530,882812,1056992,1259397,1377191,1479604,1601763,1656336,1724830.703,1815993.852,1840870.068,1908584.053,1974207.701,2050229.999,2105005.607,2078447.424,2134810.898,2208627.864,2244376.543,2274195.512,2276014.715,2223367.328,2318548.148,2345715.543,2355572.205,2272628.228,2274470.915,2236419.614,2282714.48,2080749.766,1946055.43,1957060.421,1973890.009,1965312.036,1960022.808,1949137.721,1973409.362,1979688.378,1854242.737
IEA Total,Renewable sources,883451,925386,923844,1019943,1024815,986848,995056,1064661,1114234,1103557,1124131,1160431,1213334,1217645,1212361,1209414,1196432,1211974,1241722,1302258.685,1299686.004,1302623.829,1380062.15,1337895.021,1426365.699,1464188.34,1467157.701,1437943.637,1449834.814,1483402.023,1384980.229,1456981.089,1456000.749,1517344.876,1555492.049,1608165.207,1622209.814,1719409.501,1764687.781,1869751.539,2008200.99,2110083.363,2244765.918,2316105.29,2416518.136,2532263.435,2667843.017,2785590.949,2905658.889,3118446.931
IEA Total,Total,3819109,4139759,4451718,4500934,4590231,4903632,5110980,5345503,5534113,5640887,5705341,5663016,5868673,6155498,6384011,6484743,6741390,7011693,7407598,7598938.66,7771385.755,7842047.003,8022579.122,8246749.272,8485411.703,8721540.646,8839368.534,9053542.375,9254357.026,9631143.416,9509300.308,9784609.164,9896794.77,10139704.71,10389604.66,10461479.91,10649685.13,10676446.36,10297518.26,10771172.6,10728375.49,10705249.1,10713187.27,10663280.16,10696132.75,10774993.52,10806676.32,11006485.24,10849175.34,10589829.39
IEA and Accession/Association countries,Fossil fuels,..,..,..,..,..,..,..,..,..,..,..,..,..,..,..,..,..,..,..,5546136.355,5719194.531,5854543.586,6004564.558,6303028.43,6494817.745,6768535.202,7012108.643,7247002.998,7498135.177,7945215.335,7997175.127,8402386.947,8868954.454,9230827.402,9688903.26,10082852.87,10768176.77,10822463.61,10666952.14,11446020.17,12003446.35,12200926.86,12485695.68,12635114.5,12556828.34,12696160.54,12989248.33,13309332.27,13151977.78,12895388.97
IEA and Accession/Association countries,Nuclear,..,..,..,..,..,..,..,..,..,..,..,..,..,..,..,..,..,..,..,1758690.703,1849104.852,1873281.068,1935543.053,2012069.701,2096686.999,2156558.607,2130788.424,2191252.898,2263501.984,2305491.033,2347502.102,2360500.715,2325994.328,2426106.148,2447612.543,2461648.205,2385215.228,2394658.915,2361805.054,2409482.88,2228547.326,2104307.54,2132457.211,2171701.549,2200485.656,2242115.808,2265485.917,2332834.849,2403896.652,2289945.845
IEA and Accession/Association countries,Renewable sources,..,..,..,..,..,..,..,..,..,..,..,..,..,..,..,..,..,..,..,1763504.575,1777665.574,1790990.549,1904402.36,1903284.911,2024128.539,2073457.98,2101053.281,2102556.477,2108311.424,2173867.513,2103131.989,2205379.929,2234371.189,2399400.236,2527611.925,2662421.608,2768631.603,2974463.092,3095833.439,3361054.4,3566713.447,3858740.556,4121455.52,4379038.928,4583676.521,4908585.593,5225593.146,5604496.178,5966888.336,6321010.239
IEA and Accession/Association countries,Total,..,..,..,..,..,..,..,..,..,..,..,..,..,..,..,..,..,..,..,9104099.99,9387049.245,9562408.513,9882933.362,10260552.7,10660735.03,11046427.77,11292658.59,11587743.79,11917891.88,12475507.95,12502649.87,13024421.32,13484596.08,14114455.81,14726590.15,15267694.87,15982269.76,16252146.87,16190588.67,17299144.58,17887289.48,18253458.88,18833000.52,19281187.98,19434697.21,19950693.71,20589646.76,21366327.3,21641349.85,21619592.25
World,Fossil fuels,3905413.008,4241816.367,4606277.139,4552612.92,4646590.26,5059894.65,5239585.5,5417163.85,5637486.77,5794235.85,5792533.26,5762391.97,5913042.4,6122786.86,6244841.5,6392578.08,6716964.44,6954549.88,7398391.54,7501380.355,7634402.531,7710171.586,7803027.558,8026163.43,8241585.745,8539261.202,8813100.643,9099733.998,9398734.177,9955422.335,10071993.13,10558824.95,11138797.45,11598326.4,12156698.26,12699495.87,13500674.77,13663492.61,13480833.14,14480765.17,15126682.35,15451913.86,15781936.88,16046172.63,16094265.01,16339136.28,16687929.51,17081705.24,17007627.45,..
World,Nuclear,111087,152475,203196,272711,383613,440598,536942,625992,648753,713375,842310,909968,1035130,1255344,1492098,1601331,1737805,1891249,1939089,2012901.703,2105786.852,2123688.068,2190502.053,2242298.701,2331950.999,2417193.607,2393101.424,2445209.898,2531147.984,2590624.033,2637685.102,2660778.715,2635351.328,2738012.148,2767951.543,2791471.205,2719229.228,2733084.915,2696181.054,2756288.88,2582639.326,2460285.54,2479105.211,2535404.549,2570070.656,2608401.808,2636117.238,2709100.699,2789694.402,2678855.226
World,Renewable sources,1240596.11,1304208.694,1321597.846,1460175.28,1487172.92,1478350.1,1527435.75,1647794.22,1735576.06,1772444.06,1816565.24,1864239,1948070.27,2015884.29,2050693.29,2090073.09,2098889.09,2170737.45,2220948.83,2295134.675,2330884.374,2344930.386,2478372.619,2506727.654,2630908.408,2667693.857,2707955.12,2729685.875,2754832.041,2828064.791,2779605.657,2880125.523,2918552.498,3126443.383,3295749.421,3448808.261,3553927.059,3753573.002,3900750.629,4201345.081,4410656.504,4729751.103,5060522.017,5302668.714,5511268.895,5891550.903,6250190.754,6679673.151,7014495.554,..
World,Total,5257164.118,5698587.061,6131142.985,6287520.2,6519506.18,6981246.75,7306337.25,7693460.07,8024613.83,8282873.91,8453645.5,8539677.97,8898835.67,9396889.15,9790420.79,10087220.17,10556795.53,11020288.33,11562898.37,11845185.09,12112163.05,12224271.35,12512133.62,12818985.45,13251219.9,13673772.64,13964626.43,14323414.18,14735224.49,15428428.22,15548087.54,16160053.92,16751354.39,17524432.95,18287231.64,19004896.53,19837787.21,20214914.77,20148059.86,21525992.26,22213368.54,22736539.43,23420063.22,23984892.89,24274857.25,24947744.76,25688502.59,26595243.41,26935958.13,..
