Country,Year,Fossil fuels,Nuclear,Renewable sources,Total
Australia,1971,41201,0,11844,53045
Australia,1972,43730,0,11853,55583
Australia,1973,52662,0,11749,64411
Australia,1974,55974,0,13629,69603
Australia,1975,58406,0,15173,73579
Australia,1976,60843,0,15549,76392
Australia,1977,68911,0,13576,82487
Australia,1978,71507,0,14287,85794
Australia,1979,74856,0,15787,90643
Australia,1980,81907,0,13327,95234
Australia,1981,87728,0,14480,102208
Australia,1982,90301,0,14112,104413
Australia,1983,92954,0,12563,105517
Australia,1984,98977,0,12527,111504
Australia,1985,105542,0,14118,119660
Australia,1986,110412,0,14962,125374
Australia,1987,117456,0,14067,131523
Australia,1988,123265,0,15029,138294
Australia,1989,131817,0,15265,147082
Australia,1990,139389,0,14898,154287
Australia,1991,139946,0,16590,156536
Australia,1992,143107,0,16019,159126
Australia,1993,146016,0,17220,163236
Australia,1994,150127,0,17042,167169
Australia,1995,156174,0,16631,172805
Australia,1996,160913,0,16362,177275
Australia,1997,165092,0,17507,182599
Australia,1998,178571,0,16448,195019
Australia,1999,186229,0,17398,203627
Australia,2000,192274,0,17590,209864
Australia,2001,206103,0,18162,224265
Australia,2002,209504,0,17874,227378
Australia,2003,201967,0,18619,220586
Australia,2004,209530,0,18683,228213
Australia,2005,208244,0,20103,228347
Australia,2006,211085,0,21642,232727
Australia,2007,221966,0,21013,242979
Australia,2008,223347,0,19726,243073
Australia,2009,229493,0,18602,248095
Australia,2010,230893,0,21721,252614
Australia,2011,227433,0,26273,253706
Australia,2012,224509,0,26318,250827
Australia,2013,216511,0,32704,249215
Australia,2014,211256,0,36112,247368
Australia,2015,217871,0,33423,251294
Australia,2016,219115,0,37151,256266
Australia,2017,217564,0,40207,257771
Australia,2018,216366,0,44415,260781
Australia,2019,212002,0,51658,263660
Australia,2020,205248,0,59545,264793
Austria,1971,11752,0,16450,28202
Austria,1972,11939,0,16986,28925
Austria,1973,11964,0,18952,30916
Austria,1974,11005,0,22400,33405
Austria,1975,11242,0,23691,34933
Austria,1976,14561,0,20273,34834
Austria,1977,12540,0,24788,37328
Austria,1978,12875,0,24802,37677
Austria,1979,12267,0,27930,40197
Austria,1980,12551,0,29049,41600
Austria,1981,10889,0,31347,42246
Austria,1982,10848,0,31371,42235
Austria,1983,10767,0,31165,41972
Austria,1984,11965,0,29674,41663
Austria,1985,11839,0,31873,43742
Austria,1986,11544,0,32395,43977
Austria,1987,12712,0,36933,49688
Austria,1988,11244,0,36853,48149
Austria,1989,12727,0,36391,49155
Austria,1990,16607,0,32635,49296
Austria,1991,17483,0,32649,50181
Austria,1992,13718,0,36154,49939
Austria,1993,13261,0,38049,51371
Austria,1994,15156,0,36896,52111
Austria,1995,16202,0,38904,55178
Austria,1996,17549,0,35790,53574
Austria,1997,17714,0,37819,55685
Austria,1998,16784,0,39031,55910
Austria,1999,17402,0,42348,59916
Austria,2000,16292,0,43435,59874
Austria,2001,18597,0,42232,61067
Austria,2002,18570,0,41895,60706
Austria,2003,22537,0,35251,58097
Austria,2004,21882,0,39627,61948
Austria,2005,23158,0,40885,64490
Austria,2006,21062,0,40669,62302
Austria,2007,19164,0,43177,62939
Austria,2008,19378,0,44531,64515
Austria,2009,18513,0,47177,66315
Austria,2010,22328,0,44998,67933
Austria,2011,20787,0,40908,62270
Austria,2012,16682,0,51328,68709
Austria,2013,13471,0,50491,64595
Austria,2014,10855,0,50186,61612
Austria,2015,13587,0,47582,61865
Austria,2016,13457,0,51082,65271
Austria,2017,15681,0,51055,67443
Austria,2018,14254,0,50054,65037
Austria,2019,15675,0,54380,70856
Austria,2020,13037,0,55424,69210
Belgium,1971,33103,0,134,33237
Belgium,1972,36869,11,180,37060
Belgium,1973,40252,76,287,40615
Belgium,1974,41818,148,348,42314
Belgium,1975,33768,6784,266,40818
Belgium,1976,36921,10036,166,47123
Belgium,1977,34459,11939,471,46869
Belgium,1978,37563,12513,483,50559
Belgium,1979,39949,11407,549,51905
Belgium,1980,39964,12549,578,53091
Belgium,1981,36520,12859,672,50051
Belgium,1982,33719,15664,379,49978
Belgium,1983,27208,24106,358,51869
Belgium,1984,25366,27743,375,53690
Belgium,1985,21057,34601,340,56259
Belgium,1986,17407,39394,462,57621
Belgium,1987,19393,41967,577,62327
Belgium,1988,20478,43102,547,64541
Belgium,1989,24707,41217,503,66877
Belgium,1990,26574,42722,555,70292
Belgium,1991,27281,42861,536,71186
Belgium,1992,26735,43456,617,71410
Belgium,1993,27005,41927,507,70068
Belgium,1994,29479,40624,600,71341
Belgium,1995,30771,41356,668,73516
Belgium,1996,30506,43336,561,75138
Belgium,1997,29241,47408,588,77861
Belgium,1998,34506,46165,759,82075
Belgium,1999,32794,49017,850,83366
Belgium,2000,32804,48157,1044,82773
Belgium,2001,30208,46349,1075,78618
Belgium,2002,31500,47360,1138,80939
Belgium,2003,34224,47379,1192,83561
Belgium,2004,34634,47312,1497,84353
Belgium,2005,35082,47595,2106,85709
Belgium,2006,33615,46645,2952,84348
Belgium,2007,34528,48227,3486,87528
Belgium,2008,32287,45568,4418,83583
Belgium,2009,35747,47222,5439,89806
Belgium,2010,38518,47944,6631,94541
Belgium,2011,31169,48234,8334,89205
Belgium,2012,29370,40295,10513,81732
Belgium,2013,26231,42644,11731,82172
Belgium,2014,23818,33703,12266,71473
Belgium,2015,26346,26103,14512,68725
Belgium,2016,24951,43523,14353,84694
Belgium,2017,25620,42227,15868,85648
Belgium,2018,26490,28597,17152,74083
Belgium,2019,28101,43524,19516,92867
Belgium,2020,28443,34435,23397,87865
Canada,1971,55105,4267,162461,221833
Canada,1972,57277,7211,181639,246127
Canada,1973,60173,15254,194654,270081
Canada,1974,58152,14696,210667,283515
Canada,1975,62040,12570,202470,277080
Canada,1976,67408,17416,213396,298220
Canada,1977,74468,26342,221216,322026
Canada,1978,75319,31202,236386,342907
Canada,1979,78373,35271,245466,359110
Canada,1980,82798,38032,252448,373278
Canada,1981,82480,40067,267913,390460
Canada,1982,89078,38337,259934,387349
Canada,1983,91183,48610,268037,407830
Canada,1984,96340,52210,288460,437010
Canada,1985,93061,60521,305322,458908
Canada,1986,84707,71267,312500,468478
Canada,1987,100465,77261,318518,496248
Canada,1988,113047,82867,309920,505838
Canada,1989,124767,79872,294827,499470
Canada,1990,108342,72967,300691,482041
Canada,1991,111242,84930,312248,508461
Canada,1992,118746,80582,320904,520279
Canada,1993,109691,93937,328435,532117
Canada,1994,112156,107834,335629,555673
Canada,1995,120481,97844,341626,560005
Canada,1996,118555,92767,361553,572929
Canada,1997,133373,82528,357645,573600
Canada,1998,150814,71511,339270,561649
Canada,1999,151180,73491,354220,578945
Canada,2000,165750,72799,366993,605596
Canada,2001,170766,76695,342265,589780
Canada,2002,165566,75526,360012,601158
Canada,2003,167264,74892,347332,589542
Canada,2004,158825,90387,350599,599865
Canada,2005,157180,92040,371381,620669
Canada,2006,148724,97964,363056,609815
Canada,2007,155903,93482,378468,627924
Canada,2008,148521,96020,388488,633103
Canada,2009,133046,90091,383340,608489
Canada,2010,139762,90658,369445,602945
Canada,2011,141436,93589,395675,633309
Canada,2012,132107,94862,402187,631987
Canada,2013,130342,103439,421251,657584
Canada,2014,133107,107280,415910,658651
Canada,2015,134604,101809,421186,657833
Canada,2016,131951,101429,430044,663697
Canada,2017,120209,101299,441055,662861
Canada,2018,119350,100731,433242,653669
Canada,2019,116519,101197,427296,645318
Canada,2020,107233,98211,435072,640764
Chile,1971,3649,0,4875,8524
Chile,1972,3147,0,5787,8934
Chile,1973,3120,0,5646,8766
Chile,1974,2887,0,6410,9297
Chile,1975,2293,0,6439,8732
Chile,1976,2605,0,6672,9277
Chile,1977,2727,0,7049,9776
Chile,1978,3018,0,7342,10360
Chile,1979,3592,0,7542,11134
Chile,1980,3775,0,7976,11751
Chile,1981,3718,0,8260,11978
Chile,1982,2820,0,9051,11871
Chile,1983,2803,0,9821,12624
Chile,1984,3321,0,10176,13497
Chile,1985,2775,0,11265,14040
Chile,1986,2634,0,12110,14744
Chile,1987,2543,0,13094,15637
Chile,1988,4030,0,12885,16915
Chile,1989,6947,0,10864,17811
Chile,1990,8481,0,9891,18372
Chile,1991,5794,0,14167,19961
Chile,1992,3870,0,18493,22363
Chile,1993,4401,0,19602,24003
Chile,1994,6505,0,18772,25277
Chile,1995,7734,0,20293,28027
Chile,1996,12154,0,18579,30733
Chile,1997,12608,0,20689,33297
Chile,1998,18404,0,17105,35509
Chile,1999,23790,0,14600,38390
Chile,2000,20621,0,19457,40078
Chile,2001,19453,0,23078,42531
Chile,2002,19455,0,24216,43671
Chile,2003,23341,0,23488,46829
Chile,2004,27191,0,24017,51208
Chile,2005,24204,0,28280,52484
Chile,2006,24753,0,30567,55320
Chile,2007,32674,0,25835,58509
Chile,2008,32390,0,27314,59704
Chile,2009,30976,0,29649,60722
Chile,2010,36026,0,24296,60434
Chile,2011,39693,0,26020,65713
Chile,2012,44330,0,25421,69751
Chile,2013,46841,0,26060,73065
Chile,2014,40113,0,30349,70753
Chile,2015,42515,0,32872,75387
Chile,2016,44989,0,34319,79308
Chile,2017,44540,0,34876,79417
Chile,2018,44237,0,38075,82313
Chile,2019,45170,0,39388,84558
Chile,2020,43252,0,38599,81851
Colombia,1971,3578,0,6663,10241
Colombia,1972,3229,0,7298,10527
Colombia,1973,3688,0,7939,11627
Colombia,1974,4083,0,8849,12932
Colombia,1975,3841,0,9090,12931
Colombia,1976,4307,0,9399,13706
Colombia,1977,4612,0,10645,15257
Colombia,1978,5087,0,12276,17363
Colombia,1979,5529,0,13476,19005
Colombia,1980,5934,0,14512,20446
Colombia,1981,6274,0,14503,20777
Colombia,1982,6833,0,15349,22182
Colombia,1983,7409,0,15496,22905
Colombia,1984,7988,0,17306,25294
Colombia,1985,8217,0,18610,26827
Colombia,1986,7944,0,21486,29430
Colombia,1987,8096,0,23401,31497
Colombia,1988,8361,0,24651,33012
Colombia,1989,8037,0,26933,34970
Colombia,1990,8586,0,27771,36357
Colombia,1991,8995,0,27995,36990
Colombia,1992,10323,0,22621,32944
Colombia,1993,10313,0,28246,38559
Colombia,1994,8906,0,32503,41409
Colombia,1995,10079,0,32637,42716
Colombia,1996,7375,0,35987,43362
Colombia,1997,12648,0,31957,44605
Colombia,1998,13583,0,31314,44897
Colombia,1999,8624,0,34198,42822
Colombia,2000,10555,0,32576,43131
Colombia,2001,11148,0,32300,43448
Colombia,2002,10583,0,34465,45048
Colombia,2003,9872,0,36675,46547
Colombia,2004,9123,0,40603,49726
Colombia,2005,9982,0,40362,50344
Colombia,2006,10430,0,43342,53772
Colombia,2007,10198,0,45034,55232
Colombia,2008,8944,0,47001,55945
Colombia,2009,15500,0,41656,57156
Colombia,2010,17764,0,42865,60629
Colombia,2011,11261,0,50926,62187
Colombia,2012,13941,0,49598,63539
Colombia,2013,22627,0,51374,74001
Colombia,2014,21776,0,49296,71072
Colombia,2015,28580,0,50016,78596
Colombia,2016,26182,0,50618,76800
Colombia,2017,16401,0,62879,79280
Colombia,2018,18508,0,61455,79963
Colombia,2019,24052,0,56364,80416
Colombia,2020,21059,0,50817,71876
Czech Republic,1971,35164,0,1208,36372
Czech Republic,1972,38315,0,1264,39579
Czech Republic,1973,40093,0,1081,41174
Czech Republic,1974,41321,0,1819,43140
Czech Republic,1975,44094,0,1814,45908
Czech Republic,1976,46783,0,1446,48229
Czech Republic,1977,49227,0,1967,51194
Czech Republic,1978,51835,0,1830,53665
Czech Republic,1979,48956,0,2293,51249
Czech Republic,1980,50257,0,2399,52656
Czech Republic,1981,51516,0,2061,53577
Czech Republic,1982,52977,0,1670,54647
Czech Republic,1983,54796,200,1655,56651
Czech Republic,1984,55487,1239,1298,58024
Czech Republic,1985,54053,2397,1671,58121
Czech Republic,1986,52581,6149,1876,60606
Czech Republic,1987,49030,10701,2465,62196
Czech Republic,1988,50419,11816,2099,64334
Czech Republic,1989,51070,12418,1643,65131
Czech Republic,1990,48525,12585,1161,62271
Czech Republic,1991,47077,12132,1089,60298
Czech Republic,1992,45405,12250,1402,59057
Czech Republic,1993,44497,12627,1530,58654
Czech Republic,1994,43631,12977,1781,58389
Czech Republic,1995,45938,12230,2407,60575
Czech Republic,1996,48712,12850,2261,63823
Czech Republic,1997,49530,12494,2193,64217
Czech Republic,1998,49463,13178,1983,64624
Czech Republic,1999,48444,13357,2358,64159
Czech Republic,2000,57031,13590,2284,72911
Czech Republic,2001,56903,14749,2577,74234
Czech Republic,2002,54252,18738,2998,75995
Czech Republic,2003,55058,25872,1879,82816
Czech Republic,2004,54716,26325,2741,83790
Czech Republic,2005,54063,24728,3132,81931
Czech Republic,2006,54080,26046,3520,83654
Czech Republic,2007,58172,26172,3410,87764
Czech Republic,2008,53001,26551,3731,83295
Czech Republic,2009,49760,27208,4654,81632
Czech Republic,2010,51300,27998,5902,85312
Czech Republic,2011,51094,28283,7248,86776
Czech Republic,2012,48159,30324,8065,86687
Czech Republic,2013,45815,30745,9309,86008
Czech Republic,2014,45442,30325,9172,85096
Czech Republic,2015,46195,26841,9422,82616
Czech Republic,2016,48443,24104,9384,82107
Czech Republic,2017,47724,28340,9621,85880
Czech Republic,2018,47429,29921,9425,86981
Czech Republic,2019,45358,30246,10051,85864
Czech Republic,2020,39604,30043,10291,80150
Denmark,1971,18600,0,24,18624
Denmark,1972,20550,0,24,20574
Denmark,1973,19096,0,24,19120
Denmark,1974,18279,0,24,18303
Denmark,1975,18240,0,24,18264
Denmark,1976,20485,0,24,20509
Denmark,1977,22042,0,22,22064
Denmark,1978,20392,0,26,20418
Denmark,1979,22080,0,31,22111
Denmark,1980,26724,0,41,26765
Denmark,1981,19719,0,44,19763
Denmark,1982,23676,0,50,23726
Denmark,1983,22085,0,94,22179
Denmark,1984,22576,0,96,22672
Denmark,1985,29027,0,117,29144
Denmark,1986,30577,0,206,30783
Denmark,1987,29225,0,264,29489
Denmark,1988,27663,0,405,28070
Denmark,1989,22351,0,577,22933
Denmark,1990,25134,0,825,25982
Denmark,1991,35424,0,1057,36545
Denmark,1992,29272,0,1352,30738
Denmark,1993,32182,0,1607,33974
Denmark,1994,38603,0,1743,40578
Denmark,1995,34616,0,1852,36759
Denmark,1996,51128,0,2079,53582
Denmark,1997,40963,0,2929,44315
Denmark,1998,36758,0,3925,41113
Denmark,1999,34021,0,4379,38920
Denmark,2000,29886,0,5572,36053
Denmark,2001,31276,0,5846,37729
Denmark,2002,31862,0,6789,39287
Denmark,2003,37420,0,8078,46186
Denmark,2004,30252,0,9519,40430
Denmark,2005,25618,0,9812,36246
Denmark,2006,35586,0,9201,45611
Denmark,2007,28216,0,10305,39316
Denmark,2008,25665,0,10096,36616
Denmark,2009,25528,0,10064,36384
Denmark,2010,25686,0,12429,38862
Denmark,2011,20270,0,14181,35229
Denmark,2012,15134,0,14837,30701
Denmark,2013,18060,0,15967,34742
Denmark,2014,13476,0,17984,32184
Denmark,2015,9252,0,18937,28941
Denmark,2016,11444,0,18390,30538
Denmark,2017,8502,0,21798,31023
Denmark,2018,8903,0,20761,30368
Denmark,2019,5654,0,23083,29526
Denmark,2020,4509,0,23469,28751
Estonia,1971,0,0,0,0
Estonia,1972,0,0,0,0
Estonia,1973,0,0,0,0
Estonia,1974,0,0,0,0
Estonia,1975,0,0,0,0
Estonia,1976,0,0,0,0
Estonia,1977,0,0,0,0
Estonia,1978,0,0,0,0
Estonia,1979,0,0,0,0
Estonia,1980,0,0,0,0
Estonia,1981,0,0,0,0
Estonia,1982,0,0,0,0
Estonia,1983,0,0,0,0
Estonia,1984,0,0,0,0
Estonia,1985,0,0,0,0
Estonia,1986,0,0,0,0
Estonia,1987,0,0,0,0
Estonia,1988,0,0,0,0
Estonia,1989,0,0,0,0
Estonia,1990,17181,0,0,17181
Estonia,1991,14627,0,0,14627
Estonia,1992,11830,0,1,11831
Estonia,1993,9116,0,1,9117
Estonia,1994,9149,0,3,9152
Estonia,1995,8685,0,8,8693
Estonia,1996,9096,0,7,9103
Estonia,1997,9207,0,11,9218
Estonia,1998,8505,0,16,8521
Estonia,1999,8252,0,16,8268
Estonia,2000,8495,0,18,8513
Estonia,2001,8465,0,18,8483
Estonia,2002,8497,0,30,8527
Estonia,2003,10110,0,49,10159
Estonia,2004,10244,0,60,10304
Estonia,2005,10094,0,111,10205
Estonia,2006,9602,0,130,9732
Estonia,2007,12045,0,145,12190
Estonia,2008,10384,0,197,10581
Estonia,2009,8238,0,541,8779
Estonia,2010,11920,0,1044,12964
Estonia,2011,11714,0,1179,12893
Estonia,2012,10490,0,1477,11967
Estonia,2013,11995,0,1220,13275
Estonia,2014,10984,0,1389,12446
Estonia,2015,8519,0,1560,10149
Estonia,2016,10518,0,1588,12170
Estonia,2017,11218,0,1859,13160
Estonia,2018,10279,0,1989,12364
Estonia,2019,5409,0,2143,7616
Estonia,2020,3033,0,2525,5632
Finland,1971,11054,0,10627,21681
Finland,1972,12982,0,10323,23305
Finland,1973,15587,0,10515,26102
Finland,1974,15000,0,12631,27631
Finland,1975,14019,0,12152,26171
Finland,1976,19820,0,9435,29255
Finland,1977,18318,2660,12120,33098
Finland,1978,22726,3264,9742,35732
Finland,1979,21631,6742,10870,39243
Finland,1980,23509,7022,10216,40747
Finland,1981,12591,14665,13653,40909
Finland,1982,11311,16776,13088,41175
Finland,1983,10898,17720,13579,42197
Finland,1984,13174,18867,13246,45287
Finland,1985,18324,19059,12333,49716
Finland,1986,17818,19059,12389,49266
Finland,1987,19961,19646,13795,53402
Finland,1988,20963,19554,13361,53878
Finland,1989,21698,19090,13029,53817
Finland,1990,19146,19216,16015,54377
Finland,1991,20278,19511,18197,57986
Finland,1992,18405,19260,20060,57725
Finland,1993,21712,19928,19439,61079
Finland,1994,27944,19427,18260,65631
Finland,1995,25274,19216,19545,64035
Finland,1996,31882,19476,17761,69373
Finland,1997,27841,20894,20151,69176
Finland,1998,23547,21853,24408,70167
Finland,1999,24957,22974,21193,69457
Finland,2000,23855,22479,23379,69976
Finland,2001,29869,22773,21547,74486
Finland,2002,32467,22295,19830,74955
Finland,2003,42102,22731,19065,84326
Finland,2004,37039,22716,25631,85845
Finland,2005,23419,23271,23468,70582
Finland,2006,36555,22906,22466,82312
Finland,2007,33080,23423,24323,81245
Finland,2008,26095,22958,27781,77432
Finland,2009,26326,23526,21699,72069
Finland,2010,33157,22800,24195,80674
Finland,2011,25609,23187,24175,73501
Finland,2012,18309,22987,28560,70411
Finland,2013,21393,23606,25629,71257
Finland,2014,17575,23580,26271,68094
Finland,2015,14194,23245,30527,68599
Finland,2016,14447,23203,30412,68757
Finland,2017,12698,22477,31476,67524
Finland,2018,14528,22793,32139,70263
Finland,2019,12123,23870,31876,68642
Finland,2020,9457,23291,35517,68946
France,1971,96951,9336,49562,155849
France,1972,106963,14592,49646,171201
France,1973,119278,14741,48489,182508
France,1974,115151,14695,57001,186847
France,1975,106242,18248,60804,185294
France,1976,140933,15778,49146,205857
France,1977,115535,17986,76929,210450
France,1978,126639,30483,69023,226145
France,1979,133398,39960,67111,240469
France,1980,125823,61251,70234,257308
France,1981,97360,105326,72944,275630
France,1982,98198,108919,71351,278468
France,1983,80867,144261,70231,295359
France,1984,64874,191234,66545,322653
France,1985,55680,224100,62774,342554
France,1986,43029,254155,63389,360573
France,1987,39498,265520,71424,376442
France,1988,37266,275521,77445,390232
France,1989,51429,303931,47989,403534
France,1990,47118,314081,55779,417200
France,1991,60342,331340,59704,451613
France,1992,50236,338445,71090,460011
France,1993,34336,368188,66871,469654
France,1994,33385,359981,80956,474592
France,1995,38145,377231,75454,491201
France,1996,42878,397340,68475,509160
France,1997,38490,395483,66452,500975
France,1998,53938,387990,64767,507266
France,1999,50765,394244,75406,521237
France,2000,49539,415162,69402,535184
France,2001,45005,421076,77739,545287
France,2002,51127,436760,64206,553630
France,2003,55730,441070,63056,561503
France,2004,54812,448241,63940,568710
France,2005,61699,451529,56324,571209
France,2006,55297,450191,62339,569432
France,2007,56347,439730,65908,564113
France,2008,53661,439447,73825,569092
France,2009,49234,409736,69658,530953
France,2010,55594,428521,78196,564476
France,2011,56812,442388,66031,567958
France,2012,54169,425406,85252,567829
France,2013,51127,423685,99430,577285
France,2014,33420,436479,94039,566914
France,2015,42373,437428,91836,574632
France,2016,54069,403195,99000,559207
France,2017,62678,398359,92633,556809
France,2018,46872,412942,113586,576425
France,2019,51101,399012,113112,566186
France,2020,45536,353833,125698,527917
Germany,1971,304810,6216,16223,327249
Germany,1972,320343,9522,16016,345881
Germany,1973,344101,12106,18145,374352
Germany,1974,355488,14459,18686,390563
Germany,1975,339469,24138,18156,383770
Germany,1976,374509,29533,15099,421423
Germany,1977,363778,41255,18794,426053
Germany,1978,382100,43873,19623,447974
Germany,1979,393141,52064,19699,467573
Germany,1980,386245,55589,21921,466340
Germany,1981,377310,65533,22839,467737
Germany,1982,368972,74426,22382,468109
Germany,1983,375785,78063,21172,476810
Germany,1984,375899,104317,21119,503233
Germany,1985,360002,138641,20203,520560
Germany,1986,368345,130489,21166,521813
Germany,1987,364406,141725,22643,530467
Germany,1988,365687,156820,22441,547109
Germany,1989,372644,161671,20759,557397
Germany,1990,372498,152468,19093,547650
Germany,1991,367767,147229,16979,535826
Germany,1992,350963,158804,19735,533672
Germany,1993,344460,153276,20520,522487
Germany,1994,345913,150703,23433,525205
Germany,1995,348528,153091,25932,532814
Germany,1996,358647,160016,26551,550691
Germany,1997,349005,170328,23062,548011
Germany,1998,359151,161644,24902,552375
Germany,1999,349085,170004,28717,552545
Germany,2000,361442,169606,35475,572313
Germany,2001,364835,171305,37895,581886
Germany,2002,365426,164842,44477,581954
Germany,2003,388668,165060,46670,604680
Germany,2004,383139,167065,57957,612355
Germany,2005,383711,163055,63402,616335
Germany,2006,386133,167269,72511,633354
Germany,2007,397891,140534,89368,634437
Germany,2008,385401,148495,94283,635195
Germany,2009,352440,134932,95938,590819
Germany,2010,372550,140556,105180,626720
Germany,2011,366773,107971,124038,607283
Germany,2012,371343,99460,143044,622220
Germany,2013,374945,97290,152339,632917
Germany,2014,352838,97129,162526,621949
Germany,2015,352936,91786,188786,642388
Germany,2016,361336,84634,189672,644861
Germany,2017,346079,76324,216323,647718
Germany,2018,327585,76005,224508,636731
Germany,2019,277381,75071,242435,603125
Germany,2020,252635,64382,250667,575441
Greece,1971,8910,0,2652,11562
Greece,1972,10444,0,2677,13121
Greece,1973,12594,0,2223,14817
Greece,1974,12673,0,2347,15020
Greece,1975,14105,0,2015,16120
Greece,1976,15964,0,1879,17843
Greece,1977,17063,0,1922,18985
Greece,1978,18062,0,2988,21050
Greece,1979,18536,0,3566,22102
Greece,1980,19248,0,3405,22653
Greece,1981,19986,0,3407,23393
Greece,1982,19711,0,3561,23272
Greece,1983,21643,0,2340,23983
Greece,1984,21942,0,2862,24804
Greece,1985,24935,0,2805,27740
Greece,1986,24889,0,3235,28124
Greece,1987,27305,0,2781,30086
Greece,1988,30795,0,2367,33162
Greece,1989,32309,0,1901,34210
Greece,1990,33004,0,1771,34775
Greece,1991,32642,0,3101,35743
Greece,1992,34877,0,2212,37225
Greece,1993,35716,0,2330,38137
Greece,1994,37669,0,2637,40381
Greece,1995,37632,0,3564,41299
Greece,1996,37910,0,4386,42411
Greece,1997,39261,0,3918,43292
Greece,1998,42233,0,3787,46180
Greece,1999,44445,0,4755,49395
Greece,2000,49118,0,4144,53425
Greece,2001,50041,0,2932,53076
Greece,2002,50260,0,3577,53945
Greece,2003,51872,0,5892,57905
Greece,2004,52756,0,5918,58813
Greece,2005,52921,0,6406,59427
Greece,2006,52475,0,7679,60179
Greece,2007,58092,0,4594,62711
Greece,2008,57143,0,5750,62912
Greece,2009,52890,0,8185,61094
Greece,2010,46716,0,10522,57367
Greece,2011,50916,0,8143,59172
Greece,2012,50560,0,10151,60771
Greece,2013,42680,0,14349,57114
Greece,2014,38066,0,12177,50343
Greece,2015,36860,0,14850,51822
Greece,2016,39316,0,14893,54416
Greece,2017,41388,0,13801,55189
Greece,2018,36812,0,16148,53246
Greece,2019,32188,0,16097,48575
Greece,2020,28625,0,17358,46230
Hungary,1971,14898,0,96,14994
Hungary,1972,16213,0,110,16323
Hungary,1973,17542,0,101,17643
Hungary,1974,18904,0,81,18985
Hungary,1975,20309,0,163,20472
Hungary,1976,21885,0,165,22050
Hungary,1977,23253,0,149,23402
Hungary,1978,25405,0,138,25543
Hungary,1979,24373,0,146,24519
Hungary,1980,23764,0,112,23876
Hungary,1981,24132,0,168,24300
Hungary,1982,24616,0,159,24775
Hungary,1983,23162,2473,155,25790
Hungary,1984,22302,3766,208,26303
Hungary,1985,20102,6480,185,26796
Hungary,1986,20438,7424,178,28064
Hungary,1987,18549,10986,192,29749
Hungary,1988,15575,13445,191,29233
Hungary,1989,15525,13891,162,29581
Hungary,1990,14493,13731,195,28436
Hungary,1991,15995,13726,218,29963
Hungary,1992,17472,13964,204,31685
Hungary,1993,18876,13796,205,32915
Hungary,1994,19215,14049,206,33515
Hungary,1995,19726,14026,219,34018
Hungary,1996,20612,14180,257,35090
Hungary,1997,21118,13968,269,35397
Hungary,1998,22974,13949,215,37190
Hungary,1999,23435,14096,246,37832
Hungary,2000,20713,14180,243,35191
Hungary,2001,21976,14126,257,36415
Hungary,2002,21938,13953,237,36157
Hungary,2003,22763,11013,336,34145
Hungary,2004,20831,11915,936,33708
Hungary,2005,19980,13834,1870,35756
Hungary,2006,20773,13461,1493,35859
Hungary,2007,23254,14677,1883,39960
Hungary,2008,22736,14818,2357,40025
Hungary,2009,17470,15426,2895,35908
Hungary,2010,18438,15761,3020,37371
Hungary,2011,17491,15685,2708,36019
Hungary,2012,16078,15793,2646,34635
Hungary,2013,12003,15370,2788,30294
Hungary,2014,10430,15649,3151,29402
Hungary,2015,11093,15834,3228,30359
Hungary,2016,12300,16054,3258,31902
Hungary,2017,13021,16098,3482,32885
Hungary,2018,12179,15733,3767,32039
Hungary,2019,12820,16288,4687,34154
Hungary,2020,12960,16055,5518,34924
Iceland,1971,49,0,1572,1621
Iceland,1972,48,0,1746,1794
Iceland,1973,87,0,2233,2320
Iceland,1974,73,0,2293,2366
Iceland,1975,73,0,2250,2323
Iceland,1976,57,0,2392,2449
Iceland,1977,70,0,2562,2632
Iceland,1978,53,0,2654,2707
Iceland,1979,56,0,2899,2955
Iceland,1980,47,0,3137,3184
Iceland,1981,35,0,3260,3295
Iceland,1982,11,0,3622,3633
Iceland,1983,7,0,3821,3828
Iceland,1984,4,0,3973,3977
Iceland,1985,4,0,3896,3900
Iceland,1986,5,0,4109,4114
Iceland,1987,5,0,4205,4210
Iceland,1988,7,0,4471,4478
Iceland,1989,6,0,4531,4537
Iceland,1990,6,0,4504,4510
Iceland,1991,7,0,4487,4494
Iceland,1992,6,0,4540,4546
Iceland,1993,5,0,4722,4727
Iceland,1994,5,0,4775,4780
Iceland,1995,9,0,4972,4981
Iceland,1996,5,0,5118,5123
Iceland,1997,4,0,5582,5586
Iceland,1998,5,0,6276,6281
Iceland,1999,5,0,7183,7188
Iceland,2000,5,0,7679,7684
Iceland,2001,4,0,8029,8033
Iceland,2002,6,0,8410,8416
Iceland,2003,6,0,8494,8500
Iceland,2004,4,0,8619,8623
Iceland,2005,5,0,8681,8686
Iceland,2006,4,0,9926,9930
Iceland,2007,2,0,11974,11977
Iceland,2008,2,0,16465,16467
Iceland,2009,2,0,16832,16834
Iceland,2010,2,0,17057,17059
Iceland,2011,2,0,17209,17211
Iceland,2012,3,0,17546,17549
Iceland,2013,5,0,18111,18116
Iceland,2014,3,0,18120,18123
Iceland,2015,4,0,18795,18799
Iceland,2016,3,0,18547,18550
Iceland,2017,2,0,19236,19239
Iceland,2018,2,0,19828,19830
Iceland,2019,3,0,19486,19489
Iceland,2020,3,0,19127,19130
Ireland,1971,5838,0,466,6304
Ireland,1972,6207,0,682,6889
Ireland,1973,6704,0,644,7348
Ireland,1974,6845,0,786,7631
Ireland,1975,7000,0,521,7521
Ireland,1976,7714,0,594,8308
Ireland,1977,8272,0,749,9021
Ireland,1978,8948,0,698,9646
Ireland,1979,9814,0,826,10640
Ireland,1980,9728,0,838,10566
Ireland,1981,9667,0,862,10529
Ireland,1982,9728,0,802,10530
Ireland,1983,10000,0,784,10784
Ireland,1984,10548,0,688,11236
Ireland,1985,10908,0,833,11741
Ireland,1986,11388,0,919,12307
Ireland,1987,11948,0,681,12629
Ireland,1988,12023,0,872,12895
Ireland,1989,12842,0,692,13534
Ireland,1990,13532,0,697,14229
Ireland,1991,14184,0,746,14930
Ireland,1992,14958,0,822,15780
Ireland,1993,15369,0,780,16149
Ireland,1994,15889,0,939,16828
Ireland,1995,16875,0,729,17604
Ireland,1996,18157,0,763,18920
Ireland,1997,18880,0,809,19689
Ireland,1998,19708,0,1170,20878
Ireland,1999,20641,0,1125,21766
Ireland,2000,22488,0,1186,23674
Ireland,2001,23605,0,1027,24632
Ireland,2002,23461,0,1382,24843
Ireland,2003,23723,0,1138,24861
Ireland,2004,23821,0,1394,25215
Ireland,2005,23753,0,1873,25626
Ireland,2006,24641,0,2475,27116
Ireland,2007,25556,0,2802,28358
Ireland,2008,26320,0,3595,29916
Ireland,2009,23849,0,4118,27967
Ireland,2010,24448,0,3729,28176
Ireland,2011,21740,0,5424,27164
Ireland,2012,21837,0,5256,27143
Ireland,2013,19883,0,5628,25576
Ireland,2014,19346,0,6392,25808
Ireland,2015,20167,0,7861,28103
Ireland,2016,22635,0,7513,30221
Ireland,2017,21631,0,8882,30672
Ireland,2018,20396,0,10199,30896
Ireland,2019,18621,0,11780,30696
Ireland,2020,18267,0,13442,32008
Israel,1971,7639,0,0,7639
Israel,1972,8478,0,0,8478
Israel,1973,8720,0,0,8720
Israel,1974,9158,0,0,9158
Israel,1975,9712,0,0,9712
Israel,1976,10361,0,0,10361
Israel,1977,11108,0,0,11108
Israel,1978,11874,0,0,11874
Israel,1979,12436,0,0,12436
Israel,1980,12404,0,0,12404
Israel,1981,12975,0,2,12977
Israel,1982,13639,0,2,13641
Israel,1983,14354,0,1,14355
Israel,1984,14663,0,2,14665
Israel,1985,15430,0,2,15432
Israel,1986,16028,0,6,16034
Israel,1987,17667,0,10,17677
Israel,1988,19342,0,10,19352
Israel,1989,20450,0,3,20453
Israel,1990,20895,0,3,20898
Israel,1991,21508,0,6,21514
Israel,1992,25115,0,29,25144
Israel,1993,25989,0,26,26015
Israel,1994,28401,0,23,28424
Israel,1995,30400,0,25,30425
Israel,1996,32507,0,24,32531
Israel,1997,35075,0,25,35100
Israel,1998,37930,0,25,37955
Israel,1999,39182,0,33,39215
Israel,2000,42630,0,31,42661
Israel,2001,43931,0,20,43951
Israel,2002,45468,0,32,45500
Israel,2003,46998,0,43,47041
Israel,2004,47240,0,39,47279
Israel,2005,48563,0,39,48602
Israel,2006,50533,0,25,50558
Israel,2007,53768,0,24,53792
Israel,2008,56750,0,32,57002
Israel,2009,54641,0,99,55008
Israel,2010,58389,0,171,58592
Israel,2011,59298,0,300,59678
Israel,2012,62519,0,484,63003
Israel,2013,60751,0,571,61322
Israel,2014,59892,0,921,60813
Israel,2015,63012,0,1214,64226
Israel,2016,65318,0,1658,66976
Israel,2017,65742,0,1691,67674
Israel,2018,66978,0,1757,68894
Israel,2019,68796,0,3478,72524
Israel,2020,68299,0,4294,72843
Italy,1971,77267,3365,43288,123920
Italy,1972,85113,3626,45155,133894
Italy,1973,99406,3142,41368,143916
Italy,1974,101902,3410,42042,147354
Italy,1975,96971,3800,45007,145778
Italy,1976,114988,3807,42988,161783
Italy,1977,106704,3385,54869,164958
Italy,1978,119389,4428,49302,173119
Italy,1979,126599,2628,49772,178999
Italy,1980,132062,2208,49204,183474
Italy,1981,129744,2707,46503,178954
Italy,1982,130039,6804,44983,181826
Italy,1983,129488,5783,44838,180109
Italy,1984,126876,6887,45873,179636
Italy,1985,130909,7024,44304,182237
Italy,1986,135358,8758,44779,188895
Italy,1987,154708,174,43410,198292
Italy,1988,156019,0,44671,200690
Italy,1989,169722,0,37258,207115
Italy,1990,178190,0,34905,213147
Italy,1991,172802,0,45539,218449
Italy,1992,176501,0,45767,222668
Italy,1993,174077,0,45223,219745
Italy,1994,180060,0,48240,228740
Italy,1995,195366,0,41458,237364
Italy,1996,192602,0,46223,239398
Italy,1997,199374,0,46206,246524
Italy,1998,206015,0,46476,253655
Italy,1999,206587,0,51315,259255
Italy,2000,217762,0,50879,269941
Italy,2001,215971,0,54347,271893
Italy,2002,227646,0,48316,277533
Italy,2003,237404,0,46866,286278
Italy,2004,239540,0,53871,295778
Italy,2005,245805,0,48440,296841
Italy,2006,254392,0,50636,307692
Italy,2007,257790,0,47716,308223
Italy,2008,252749,0,58163,313528
Italy,2009,216705,0,69255,288335
Italy,2010,218886,0,76965,298773
Italy,2011,214572,0,82963,300648
Italy,2012,202058,0,92222,297298
Italy,2013,172850,0,112010,287906
Italy,2014,154324,0,120679,278116
Italy,2015,169632,0,108905,281560
Italy,2016,176682,0,108023,287943
Italy,2017,186972,0,103898,294004
Italy,2018,170522,0,114415,287992
Italy,2019,173093,0,115847,292018
Italy,2020,160484,0,116053,279595
Japan,1971,290700,8000,84200,382900
Japan,1972,331100,9500,85100,425700
Japan,1973,388633,9707,67047,465387
Japan,1974,354497,19699,82780,456976
Japan,1975,364515,25125,83506,473146
Japan,1976,389123,34079,83790,506992
Japan,1977,424444,31659,73268,529371
Japan,1978,427812,59313,70647,557772
Japan,1979,433304,70393,81643,585340
Japan,1980,400748,82591,89192,572531
Japan,1981,403966,87820,88490,580276
Japan,1982,384451,102430,91498,578714
Japan,1983,404390,114291,95304,614392
Japan,1984,424874,134264,83711,643359
Japan,1985,411237,159578,95574,666941
Japan,1986,407518,168304,94620,671104
Japan,1987,434993,187758,89598,713011
Japan,1988,462417,178659,106278,748135
Japan,1989,501195,182869,108789,793685
Japan,1990,541940,202272,97806,861542
Japan,1991,547584,213460,105256,886501
Japan,1992,559049,223259,91276,893584
Japan,1993,525071,249256,103495,897985
Japan,1994,590721,269127,75331,956656
Japan,1995,571311,291254,91097,976636
Japan,1996,582735,302201,88539,996999
Japan,1997,578586,319177,98669,1019478
Japan,1998,564000,332343,100570,1016495
Japan,1999,602502,316616,96500,1035863
Japan,2000,615924,322050,96981,1055047
Japan,2001,603394,319859,94087,1037514
Japan,2002,647505,295095,94309,1057135
Japan,2003,678933,240013,109408,1049482
Japan,2004,666750,282442,109122,1078743
Japan,2005,676969,304755,96788,1099417
Japan,2006,669788,303426,109029,1103916
Japan,2007,750392,263832,95474,1131455
Japan,2008,722976,258128,98525,1101938
Japan,2009,680158,279750,100137,1085221
Japan,2010,740333,288230,106460,1164017
Japan,2011,862466,101761,109836,1103943
Japan,2012,941855,15939,103665,1091795
Japan,2013,943448,9303,114477,1098652
Japan,2014,912158,0,129698,1072572
Japan,2015,868911,9437,146098,1054505
Japan,2016,858194,18060,151522,1064687
Japan,2017,835131,32912,168024,1073666
Japan,2018,784148,64929,175130,1061085
Japan,2019,750830,63779,186258,1037318
Japan,2020,750746,38752,194877,1023380
Korea,1971,9220,0,1320,10540
Korea,1972,10472,0,1367,11839
Korea,1973,13541,0,1284,14825
Korea,1974,14929,0,1906,16835
Korea,1975,18437,0,1683,20120
Korea,1976,21328,0,1789,23117
Korea,1977,25123,71,1393,26587
Korea,1978,27378,2324,1808,31510
Korea,1979,30120,3152,2328,35600
Korea,1980,31778,3477,1984,37239
Korea,1981,34601,2897,2709,40207
Korea,1982,37340,3777,2005,43122
Korea,1983,37162,8965,2723,48850
Korea,1984,39617,11792,2399,53808
Korea,1985,37603,16745,3659,58007
Korea,1986,31565,28311,4019,63895
Korea,1987,28034,39314,5344,72692
Korea,1988,40595,40101,3566,84262
Korea,1989,41742,47365,4588,93695
Korea,1990,46122,52887,6362,105371
Korea,1991,53457,56311,3487,113255
Korea,1992,64775,56530,3099,124404
Korea,1993,80667,58138,4230,143035
Korea,1994,100764,58651,2349,161764
Korea,1995,111098,67029,3012,181139
Korea,1996,125851,73924,2830,202605
Korea,1997,142132,77086,2895,222114
Korea,1998,122036,89689,4343,216069
Korea,1999,128265,103064,4257,235596
Korea,2000,175437,108964,4111,288526
Korea,2001,192724,112133,4258,309137
Korea,2002,207215,119103,3434,329804
Korea,2003,208337,129672,5123,343191
Korea,2004,231142,130715,4631,366612
Korea,2005,236937,146779,4052,387874
Korea,2006,249362,148749,4018,402270
Korea,2007,278246,142937,4557,425905
Korea,2008,288444,150958,4376,443936
Korea,2009,298953,147771,4687,451676
Korea,2010,341395,148596,6186,496718
Korea,2011,356866,154723,7479,520053
Korea,2012,372452,150327,7093,530935
Korea,2013,389095,138784,8783,537891
Korea,2014,379353,156407,8553,545866
Korea,2015,371960,164762,10642,549047
Korea,2016,379015,161995,15884,558816
Korea,2017,393251,148427,18621,562693
Korea,2018,426856,133505,23026,586200
Korea,2019,401468,145910,27406,578034
Korea,2020,384375,160184,33875,583058
Latvia,1971,0,0,0,0
Latvia,1972,0,0,0,0
Latvia,1973,0,0,0,0
Latvia,1974,0,0,0,0
Latvia,1975,0,0,0,0
Latvia,1976,0,0,0,0
Latvia,1977,0,0,0,0
Latvia,1978,0,0,0,0
Latvia,1979,0,0,0,0
Latvia,1980,0,0,0,0
Latvia,1981,0,0,0,0
Latvia,1982,0,0,0,0
Latvia,1983,0,0,0,0
Latvia,1984,0,0,0,0
Latvia,1985,0,0,0,0
Latvia,1986,0,0,0,0
Latvia,1987,0,0,0,0
Latvia,1988,0,0,0,0
Latvia,1989,0,0,0,0
Latvia,1990,2152,0,4496,6648
Latvia,1991,2369,0,3275,5644
Latvia,1992,1313,0,2521,3834
Latvia,1993,1048,0,2876,3924
Latvia,1994,1135,0,3305,4440
Latvia,1995,1042,0,2937,3979
Latvia,1996,1265,0,1861,3126
Latvia,1997,1551,0,2955,4506
Latvia,1998,1479,0,4318,5797
Latvia,1999,1350,0,2759,4110
Latvia,2000,1313,0,2823,4136
Latvia,2001,1441,0,2839,4280
Latvia,2002,1490,0,2485,3975
Latvia,2003,1637,0,2338,3975
Latvia,2004,1493,0,3196,4689
Latvia,2005,1492,0,3414,4906
Latvia,2006,2105,0,2786,4891
Latvia,2007,1943,0,2828,4771
Latvia,2008,2062,0,3212,5274
Latvia,2009,2013,0,3556,5569
Latvia,2010,2992,0,3636,6628
Latvia,2011,3017,0,3077,6094
Latvia,2012,2058,0,4109,6167
Latvia,2013,2675,0,3534,6209
Latvia,2014,2337,0,2802,5139
Latvia,2015,2757,0,2777,5534
Latvia,2016,2944,0,3481,6425
Latvia,2017,2069,0,5462,7531
Latvia,2018,3226,0,3499,6725
Latvia,2019,3246,0,3192,6438
Latvia,2020,2075,0,3650,5725
Lithuania,1971,0,0,0,0
Lithuania,1972,0,0,0,0
Lithuania,1973,0,0,0,0
Lithuania,1974,0,0,0,0
Lithuania,1975,0,0,0,0
Lithuania,1976,0,0,0,0
Lithuania,1977,0,0,0,0
Lithuania,1978,0,0,0,0
Lithuania,1979,0,0,0,0
Lithuania,1980,0,0,0,0
Lithuania,1981,0,0,0,0
Lithuania,1982,0,0,0,0
Lithuania,1983,0,0,0,0
Lithuania,1984,0,0,0,0
Lithuania,1985,0,0,0,0
Lithuania,1986,0,0,0,0
Lithuania,1987,0,0,0,0
Lithuania,1988,0,0,0,0
Lithuania,1989,0,0,0,0
Lithuania,1990,10920,17033,414,28405
Lithuania,1991,11991,17000,338,29363
Lithuania,1992,3582,14638,311,18548
Lithuania,1993,1264,12260,393,13934
Lithuania,1994,1575,7706,452,9755
Lithuania,1995,1296,11822,373,13520
Lithuania,1996,1939,13942,326,16241
Lithuania,1997,2024,12024,296,14388
Lithuania,1998,3130,13554,417,17153
Lithuania,1999,2752,9862,415,13089
Lithuania,2000,2271,8419,340,11121
Lithuania,2001,2604,11362,328,14362
Lithuania,2002,2656,14142,358,17294
Lithuania,2003,2845,15484,332,18828
Lithuania,2004,3052,15102,428,18752
Lithuania,2005,3418,10337,460,14415
Lithuania,2006,2794,8651,435,12077
Lithuania,2007,2825,9833,581,13470
Lithuania,2008,2593,9894,602,13327
Lithuania,2009,2836,10852,684,14643
Lithuania,2010,3833,0,911,4994
Lithuania,2011,2877,0,1112,4246
Lithuania,2012,3119,0,1183,4529
Lithuania,2013,2425,0,1526,4214
Lithuania,2014,1911,0,1511,3708
Lithuania,2015,2254,0,1678,4258
Lithuania,2016,1207,0,2095,3676
Lithuania,2017,737,0,2538,3608
Lithuania,2018,462,0,2205,2983
Lithuania,2019,592,0,2469,3369
Lithuania,2020,1821,0,2575,4738
Luxembourg,1971,1278,0,55,1333
Luxembourg,1972,1303,0,65,1368
Luxembourg,1973,1347,0,47,1394
Luxembourg,1974,1159,0,83,1242
Luxembourg,1975,983,0,71,1054
Luxembourg,1976,1050,0,46,1096
Luxembourg,1977,1030,0,94,1136
Luxembourg,1978,1031,0,94,1139
Luxembourg,1979,976,0,107,1098
Luxembourg,1980,790,0,113,918
Luxembourg,1981,585,0,126,728
Luxembourg,1982,412,0,113,542
Luxembourg,1983,344,0,109,470
Luxembourg,1984,409,0,111,538
Luxembourg,1985,397,0,105,519
Luxembourg,1986,454,0,117,588
Luxembourg,1987,423,0,133,578
Luxembourg,1988,460,0,133,616
Luxembourg,1989,509,0,104,632
Luxembourg,1990,520,0,83,624
Luxembourg,1991,579,0,98,701
Luxembourg,1992,558,0,82,660
Luxembourg,1993,564,0,82,671
Luxembourg,1994,450,0,101,577
Luxembourg,1995,346,0,107,487
Luxembourg,1996,338,0,75,440
Luxembourg,1997,274,0,103,406
Luxembourg,1998,195,0,143,366
Luxembourg,1999,204,0,122,360
Luxembourg,2000,215,0,171,419
Luxembourg,2001,667,0,168,868
Luxembourg,2002,2624,0,151,2810
Luxembourg,2003,2620,0,141,2790
Luxembourg,2004,3153,0,195,3382
Luxembourg,2005,3107,0,209,3345
Luxembourg,2006,3247,0,246,3528
Luxembourg,2007,2895,0,265,3200
Luxembourg,2008,2402,0,282,2724
Luxembourg,2009,2843,0,268,3152
Luxembourg,2010,2917,0,268,3231
Luxembourg,2011,2341,0,246,2649
Luxembourg,2012,2388,0,308,2756
Luxembourg,2013,1421,0,370,1850
Luxembourg,2014,1451,0,398,1904
Luxembourg,2015,838,0,431,1335
Luxembourg,2016,258,0,457,785
Luxembourg,2017,221,0,600,899
Luxembourg,2018,195,0,684,957
Luxembourg,2019,192,0,796,1066
Luxembourg,2020,175,0,981,1228
Mexico,1971,16658,0,14381,31039
Mexico,1972,19008,0,15352,34360
Mexico,1973,20750,0,16350,37100
Mexico,1974,23812,0,17172,40984
Mexico,1975,28274,0,15650,43924
Mexico,1976,29746,0,17778,47524
Mexico,1977,32475,0,19784,52259
Mexico,1978,40140,0,16850,56990
Mexico,1979,43082,0,19003,62085
Mexico,1980,49161,0,17801,66962
Mexico,1981,47595,0,25562,73157
Mexico,1982,55870,0,24178,80048
Mexico,1983,59789,0,22088,81877
Mexico,1984,61912,0,25018,86930
Mexico,1985,65111,0,27878,92989
Mexico,1986,73724,0,23410,97134
Mexico,1987,81245,0,22757,104002
Mexico,1988,84381,0,25481,109862
Mexico,1989,88325,372,29008,117705
Mexico,1990,84296,2937,28604,115837
Mexico,1991,95543,4242,28785,128570
Mexico,1992,94858,3919,34087,132864
Mexico,1993,96286,4931,34456,135673
Mexico,1994,114905,4239,27987,147131
Mexico,1995,107798,8443,36007,152248
Mexico,1996,110919,7878,38894,157691
Mexico,1997,123610,10456,33427,167493
Mexico,1998,140978,9265,32061,182304
Mexico,1999,141468,10002,40040,191510
Mexico,2000,156722,8221,40732,205675
Mexico,2001,168658,8726,36604,213988
Mexico,2002,175619,9747,32855,218221
Mexico,2003,197072,10502,28643,236217
Mexico,2004,194062,9194,34327,237583
Mexico,2005,201853,10805,38110,250768
Mexico,2006,207404,10866,39532,257802
Mexico,2007,217473,10421,37377,265271
Mexico,2008,212265,9804,47246,269315
Mexico,2009,222541,10501,34667,267753
Mexico,2010,223863,5879,45748,275538
Mexico,2011,247488,10089,45075,302749
Mexico,2012,255831,8770,42361,307228
Mexico,2013,245841,11800,39543,297326
Mexico,2014,238849,9677,52893,301496
Mexico,2015,251636,11577,47471,310712
Mexico,2016,260776,10567,49149,320564
Mexico,2017,259562,10883,51500,322062
Mexico,2018,277315,13675,54413,357593
Mexico,2019,264503,11190,55108,344176
Mexico,2020,260997,10864,66879,343488
Netherlands,1971,44499,405,0,44904
Netherlands,1972,49225,326,0,49551
Netherlands,1973,51519,1108,0,52627
Netherlands,1974,51484,3277,0,54761
Netherlands,1975,50120,3335,803,54258
Netherlands,1976,53393,3872,872,58137
Netherlands,1977,53709,3710,867,58286
Netherlands,1978,56325,4060,1211,61596
Netherlands,1979,59869,3489,1106,64464
Netherlands,1980,59582,4200,1024,64806
Netherlands,1981,59310,3658,1085,64053
Netherlands,1982,56150,3897,265,60312
Netherlands,1983,55830,3589,231,59650
Netherlands,1984,59050,3711,17,62778
Netherlands,1985,58604,3899,444,62947
Netherlands,1986,62385,4216,557,67158
Netherlands,1987,64158,3556,705,68419
Netherlands,1988,65083,3675,853,69611
Netherlands,1989,68071,4019,960,73050
Netherlands,1990,67092,3502,807,71968
Netherlands,1991,69561,3329,935,74384
Netherlands,1992,71833,3800,995,77257
Netherlands,1993,71395,3948,1107,77159
Netherlands,1994,73879,3967,1258,79867
Netherlands,1995,74847,4018,1405,81156
Netherlands,1996,78352,4160,1816,85423
Netherlands,1997,80846,2408,2015,86522
Netherlands,1998,83654,3814,2328,91115
Netherlands,1999,79004,3832,2507,86720
Netherlands,2000,81277,3926,2971,89630
Netherlands,2001,84938,3976,3302,93663
Netherlands,2002,86631,3915,3975,95982
Netherlands,2003,87255,4018,3962,96818
Netherlands,2004,90553,3822,5307,101214
Netherlands,2005,86789,3997,7447,99923
Netherlands,2006,85745,3469,8050,98832
Netherlands,2007,91695,4200,7583,105164
Netherlands,2008,92238,4169,9531,107552
Netherlands,2009,96966,4248,10835,113689
Netherlands,2010,102386,3969,11197,119269
Netherlands,2011,95619,4141,12320,113961
Netherlands,2012,84936,3915,12481,103235
Netherlands,2013,84812,2891,12106,101630
Netherlands,2014,85848,4091,11648,103357
Netherlands,2015,89380,4078,13672,110231
Netherlands,2016,93338,3960,14777,115168
Netherlands,2017,93080,3402,17437,117219
Netherlands,2018,89082,3515,18902,114103
Netherlands,2019,91960,3910,22732,121062
Netherlands,2020,83816,4087,32153,122479
New Zealand,1971,1105,0,14373,15478
New Zealand,1972,2081,0,15532,17613
New Zealand,1973,2972,0,15559,18531
New Zealand,1974,3049,0,15779,18828
New Zealand,1975,2086,0,18478,20564
New Zealand,1976,4956,0,16500,21456
New Zealand,1977,5741,0,16090,21831
New Zealand,1978,4486,0,17738,22224
New Zealand,1979,1990,0,20092,22082
New Zealand,1980,2171,0,20425,22596
New Zealand,1981,2486,0,20988,23474
New Zealand,1982,5484,0,19486,24970
New Zealand,1983,4762,0,21731,26493
New Zealand,1984,5719,0,21720,27439
New Zealand,1985,6488,0,21236,27724
New Zealand,1986,5224,0,23352,28576
New Zealand,1987,5440,0,23681,29121
New Zealand,1988,5071,0,24819,29890
New Zealand,1989,6861,0,24497,31358
New Zealand,1990,6383,0,25814,32264
New Zealand,1991,7528,0,25702,33297
New Zealand,1992,8954,0,23877,32898
New Zealand,1993,7808,0,26400,34275
New Zealand,1994,6188,0,28596,34852
New Zealand,1995,5756,0,30239,36061
New Zealand,1996,7569,0,28837,36473
New Zealand,1997,11032,0,26010,37109
New Zealand,1998,9092,0,28451,37611
New Zealand,1999,11458,0,26294,37818
New Zealand,2000,11118,0,28062,39247
New Zealand,2001,14370,0,25151,39571
New Zealand,2002,12300,0,28228,40628
New Zealand,2003,13765,0,26901,40757
New Zealand,2004,11747,0,30840,42675
New Zealand,2005,15208,0,27598,42887
New Zealand,2006,15249,0,28114,43440
New Zealand,2007,15052,0,28688,43796
New Zealand,2008,15597,0,28175,43832
New Zealand,2009,12233,0,31157,43448
New Zealand,2010,11970,0,32859,44890
New Zealand,2011,10566,0,33913,44528
New Zealand,2012,12437,0,31911,44386
New Zealand,2013,11107,0,32328,43483
New Zealand,2014,9033,0,34595,43678
New Zealand,2015,8755,0,35570,44377
New Zealand,2016,6835,0,36937,43826
New Zealand,2017,8296,0,35977,44323
New Zealand,2018,7328,0,37031,44412
New Zealand,2019,8150,0,36613,44811
New Zealand,2020,8679,0,36428,45169
Norway,1971,283,0,63245,63528
Norway,1972,175,0,67417,67592
Norway,1973,162,0,72867,73029
Norway,1974,56,0,76597,76653
Norway,1975,71,0,77330,77401
Norway,1976,96,0,81933,82029
Norway,1977,229,0,72022,72251
Norway,1978,133,0,80706,80839
Norway,1979,146,0,88698,88844
Norway,1980,137,0,83613,83750
Norway,1981,127,0,92834,92961
Norway,1982,268,0,92499,92767
Norway,1983,321,0,105688,106009
Norway,1984,327,0,105903,106230
Norway,1985,337,0,102388,102729
Norway,1986,413,0,96227,96666
Norway,1987,488,0,103294,103803
Norway,1988,421,0,108884,109332
Norway,1989,442,0,118429,118899
Norway,1990,88,0,121358,121611
Norway,1991,94,0,110343,110563
Norway,1992,94,0,116898,117112
Norway,1993,99,0,119483,119718
Norway,1994,253,0,111922,112323
Norway,1995,273,0,121829,122242
Norway,1996,371,0,104174,104698
Norway,1997,324,0,110027,110494
Norway,1998,308,0,115984,116431
Norway,1999,373,0,121750,122287
Norway,2000,292,0,142105,142511
Norway,2001,343,0,120745,121327
Norway,2002,353,0,129697,130240
Norway,2003,460,0,106028,106669
Norway,2004,508,0,109392,110107
Norway,2005,530,0,136520,137245
Norway,2006,637,0,120393,121222
Norway,2007,936,0,134934,136112
Norway,2008,606,0,140354,141197
Norway,2009,4362,0,126487,130979
Norway,2010,5031,0,117972,123227
Norway,2011,4226,0,121901,126265
Norway,2012,2835,0,143598,146577
Norway,2013,2638,0,130415,133511
Norway,2014,2787,0,137945,141255
Norway,2015,2773,0,140073,143398
Norway,2016,2776,0,145156,148432
Norway,2017,2735,0,145479,148734
Norway,2018,2794,0,142878,146178
Norway,2019,2560,0,131322,134408
Norway,2020,1713,0,151104,153300
Poland,1971,67799,0,1670,69537
Poland,1972,74270,0,1688,76045
Poland,1973,82157,0,1679,83908
Poland,1974,88823,0,2357,91271
Poland,1975,94460,0,2201,96784
Poland,1976,101698,0,1828,103648
Poland,1977,106567,0,2222,108925
Poland,1978,112790,0,2213,115121
Poland,1979,114657,0,2047,116818
Poland,1980,118183,0,2597,120941
Poland,1981,111601,0,2406,114129
Poland,1982,114603,0,1812,116542
Poland,1983,122052,0,2037,124201
Poland,1984,130945,0,1753,132848
Poland,1985,133274,0,2249,135662
Poland,1986,135984,0,1917,138058
Poland,1987,141454,0,1854,143439
Poland,1988,139959,0,1887,141961
Poland,1989,141476,0,1712,143319
Poland,1990,132740,0,1495,134438
Poland,1991,130865,0,1508,132728
Poland,1992,128756,0,1618,130687
Poland,1993,129926,0,1549,131779
Poland,1994,131204,0,1784,133294
Poland,1995,134790,0,1955,137042
Poland,1996,138859,0,2064,141194
Poland,1997,138369,0,2132,140935
Poland,1998,138208,0,2533,140771
Poland,1999,137619,0,2352,140001
Poland,2000,140765,0,2332,143174
Poland,2001,140863,0,2783,143721
Poland,2002,139579,0,2767,142499
Poland,2003,147729,0,2250,150009
Poland,2004,149036,0,3207,152550
Poland,2005,151167,0,3847,155359
Poland,2006,156115,0,4291,160764
Poland,2007,153062,0,5430,158761
Poland,2008,148017,0,6608,154710
Poland,2009,142383,0,8678,151121
Poland,2010,146073,0,10888,157089
Poland,2011,149845,0,13137,163118
Poland,2012,144721,0,16879,161711
Poland,2013,146810,0,17067,164022
Poland,2014,138473,0,19843,158508
Poland,2015,141467,0,22683,164341
Poland,2016,143066,0,22807,166153
Poland,2017,145494,0,24122,169991
Poland,2018,147442,0,21617,169622
Poland,2019,137018,0,25459,163282
Poland,2020,128109,0,28131,157116
Portugal,1971,1583,0,6313,7896
Portugal,1972,1641,0,7199,8840
Portugal,1973,2267,0,7525,9792
Portugal,1974,2677,0,8008,10685
Portugal,1975,4055,0,6646,10701
Portugal,1976,5029,0,5017,10046
Portugal,1977,3575,0,10200,13775
Portugal,1978,3556,0,11043,14599
Portugal,1979,4644,0,11471,16115
Portugal,1980,6871,0,8335,15206
Portugal,1981,8494,0,5330,13824
Portugal,1982,8083,0,7274,15357
Portugal,1983,9622,0,8431,18053
Portugal,1984,9057,0,10138,19195
Portugal,1985,7569,0,11241,18810
Portugal,1986,11207,0,9120,20327
Portugal,1987,10336,0,9767,20103
Portugal,1988,9534,0,12886,22420
Portugal,1989,19067,0,6482,25549
Portugal,1990,18503,0,9839,28342
Portugal,1991,19881,0,9847,29728
Portugal,1992,24122,0,5501,29623
Portugal,1993,21552,0,9438,30990
Portugal,1994,19695,0,11639,31334
Portugal,1995,23764,0,9380,33144
Portugal,1996,18633,0,15784,34417
Portugal,1997,19906,0,14226,34132
Portugal,1998,24760,0,14147,38907
Portugal,1999,34214,0,8622,42914
Portugal,2000,30247,0,12868,43372
Portugal,2001,30172,0,15741,46168
Portugal,2002,35656,0,9733,45650
Portugal,2003,28540,0,17703,46521
Portugal,2004,32245,0,12314,44828
Portugal,2005,37623,0,8260,46188
Portugal,2006,32548,0,15722,48576
Portugal,2007,30392,0,16218,46895
Portugal,2008,30543,0,14641,45473
Portugal,2009,30893,0,18291,49482
Portugal,2010,25008,0,28353,53691
Portugal,2011,27448,0,24115,51888
Portugal,2012,25947,0,19371,45577
Portugal,2013,20764,0,29471,50534
Portugal,2014,20143,0,31562,51961
Portugal,2015,26601,0,24372,51281
Portugal,2016,26512,0,32311,59142
Portugal,2017,34841,0,22573,57697
Portugal,2018,28740,0,29402,58401
Portugal,2019,24049,0,27406,51729
Portugal,2020,21587,0,30381,52226
Slovak Republic,1971,9389,0,1476,10865
Slovak Republic,1972,10274,3,1546,11823
Slovak Republic,1973,10745,232,1322,12299
Slovak Republic,1974,10177,486,2223,12886
Slovak Republic,1975,11180,187,2002,13369
Slovak Republic,1976,12056,442,2019,14517
Slovak Republic,1977,12785,114,2408,15307
Slovak Republic,1978,13154,19,2259,15432
Slovak Republic,1979,12812,2147,1884,16843
Slovak Republic,1980,13187,4523,2257,19967
Slovak Republic,1981,12606,5133,1966,19705
Slovak Republic,1982,12184,5840,1726,19750
Slovak Republic,1983,11250,6150,1832,19232
Slovak Republic,1984,11153,7239,1555,19947
Slovak Republic,1985,10446,9382,2117,21945
Slovak Republic,1986,10338,11716,1675,23729
Slovak Republic,1987,9677,11513,1932,23122
Slovak Republic,1988,9263,11474,1755,22492
Slovak Republic,1989,9281,12157,1962,23400
Slovak Republic,1990,11581,12036,1880,25497
Slovak Republic,1991,11164,11689,1408,24261
Slovak Republic,1992,10245,11050,1937,23232
Slovak Republic,1993,9089,11486,3467,24044
Slovak Republic,1994,8508,12595,4355,25458
Slovak Republic,1995,10111,11437,4880,26428
Slovak Republic,1996,9978,11249,4227,25454
Slovak Republic,1997,9913,11073,4064,25053
Slovak Republic,1998,10059,11394,4267,25732
Slovak Republic,1999,10483,13117,4474,28105
Slovak Republic,2000,9657,16494,4615,30798
Slovak Republic,2001,9646,17103,5081,31856
Slovak Republic,2002,8813,17953,5420,32212
Slovak Republic,2003,9507,17864,3581,30986
Slovak Republic,2004,9273,17026,4126,30460
Slovak Republic,2005,8905,17727,4676,31352
Slovak Republic,2006,8361,18012,4803,31251
Slovak Republic,2007,7550,15334,4934,27892
Slovak Republic,2008,7437,16703,4563,28760
Slovak Republic,2009,6872,14081,4911,25919
Slovak Republic,2010,6886,14574,5940,27464
Slovak Republic,2011,7774,15411,4999,28288
Slovak Republic,2012,7265,15495,5474,28328
Slovak Republic,2013,6348,15720,6353,28514
Slovak Republic,2014,5277,15499,6229,27148
Slovak Republic,2015,5320,15146,6040,26632
Slovak Republic,2016,5262,14774,6629,26817
Slovak Republic,2017,5646,15081,6532,27439
Slovak Republic,2018,5900,14843,5806,26682
Slovak Republic,2019,6232,15282,6644,28219
Slovak Republic,2020,6165,15417,6643,28304
Slovenia,1971,0,0,0,0
Slovenia,1972,0,0,0,0
Slovenia,1973,0,0,0,0
Slovenia,1974,0,0,0,0
Slovenia,1975,0,0,0,0
Slovenia,1976,0,0,0,0
Slovenia,1977,0,0,0,0
Slovenia,1978,0,0,0,0
Slovenia,1979,0,0,0,0
Slovenia,1980,0,0,0,0
Slovenia,1981,0,0,0,0
Slovenia,1982,0,0,0,0
Slovenia,1983,0,0,0,0
Slovenia,1984,0,0,0,0
Slovenia,1985,0,0,0,0
Slovenia,1986,0,0,0,0
Slovenia,1987,0,0,0,0
Slovenia,1988,0,0,0,0
Slovenia,1989,0,0,0,0
Slovenia,1990,4872,4622,2950,12444
Slovenia,1991,4184,4952,3608,12744
Slovenia,1992,4950,3971,3423,12344
Slovenia,1993,4955,3956,3035,11946
Slovenia,1994,4887,4609,3399,12895
Slovenia,1995,4882,4779,3252,12913
Slovenia,1996,4737,4647,3673,13057
Slovenia,1997,5065,5019,3092,13176
Slovenia,1998,5237,5042,3449,13728
Slovenia,1999,4794,4696,3772,13262
Slovenia,2000,4959,4761,3904,13624
Slovenia,2001,5341,5257,3868,14466
Slovenia,2002,5656,5528,3414,14598
Slovenia,2003,5528,5207,3079,13820
Slovenia,2004,5592,5459,4215,15271
Slovenia,2005,5652,5884,3575,15117
Slovenia,2006,5859,5548,3703,15115
Slovenia,2007,5964,5695,3379,15043
Slovenia,2008,5815,6273,4308,16399
Slovenia,2009,5753,5739,4907,16403
Slovenia,2010,5844,5657,4749,16255
Slovenia,2011,5812,6215,3880,15915
Slovenia,2012,5685,5528,4329,15548
Slovenia,2013,5392,5300,5110,15809
Slovenia,2014,4175,6370,6611,17163
Slovenia,2015,4806,5648,4355,14817
Slovenia,2016,5441,5715,5057,16221
Slovenia,2017,5312,6285,4448,16054
Slovenia,2018,5119,5776,5233,16138
Slovenia,2019,5026,5821,5040,15896
Slovenia,2020,4954,6353,5584,16901
Spain,1971,27194,2523,31868,61585
Spain,1972,27634,4751,35530,67915
Spain,1973,40147,6545,28968,75660
Spain,1974,42234,7223,30619,80076
Spain,1975,48376,7544,26178,82098
Spain,1976,60571,7555,21119,89245
Spain,1977,46228,6524,39937,92689
Spain,1978,50072,7649,40567,98288
Spain,1979,51355,6700,46648,104703
Spain,1980,74128,5186,29912,109226
Spain,1981,78062,9568,22366,109996
Spain,1982,77917,8771,26818,113506
Spain,1983,77110,10661,27607,115378
Spain,1984,62986,23086,32034,118106
Spain,1985,65675,28044,31898,125617
Spain,1986,63738,37458,27032,128228
Spain,1987,63389,41271,27946,132606
Spain,1988,52199,50466,35919,138584
Spain,1989,71075,56126,19890,147200
Spain,1990,70776,54268,26035,151209
Spain,1991,71232,55578,27813,154753
Spain,1992,81180,55782,19606,156704
Spain,1993,74128,56060,25128,155443
Spain,1994,76351,55313,29065,160907
Spain,1995,85452,55455,24381,165601
Spain,1996,75357,56330,41251,173371
Spain,1997,96253,55298,36977,189153
Spain,1998,96877,58993,36894,193399
Spain,1999,118939,58852,27210,205633
Spain,2000,123614,62206,34490,220917
Spain,2001,119724,63708,49295,233060
Spain,2002,143436,63016,33170,239905
Spain,2003,139325,61875,55762,257292
Spain,2004,159622,63606,50138,276620
Spain,2005,184198,57539,42270,289452
Spain,2006,182377,60126,52155,295588
Spain,2007,187392,55103,58290,301846
Spain,2008,188773,58973,62143,310978
Spain,2009,163926,52761,74080,291869
Spain,2010,137736,61990,97776,298320
Spain,2011,145326,57718,87522,291532
Spain,2012,144620,61470,86962,293942
Spain,2013,112631,56726,111405,281444
Spain,2014,106689,57305,110268,274948
Spain,2015,122415,57196,97088,277683
Spain,2016,107194,58633,104632,271302
Spain,2017,126152,58039,87924,272978
Spain,2018,111218,55766,103885,271983
Spain,2019,110568,58349,100988,271029
Spain,2020,86504,58279,112858,258805
Sweden,1971,14272,90,52172,66534
Sweden,1972,16219,1465,53969,71653
Sweden,1973,15678,2111,60271,78060
Sweden,1974,15434,2054,57622,75110
Sweden,1975,10625,11969,57958,80552
Sweden,1976,15213,15993,55186,86392
Sweden,1977,16221,19913,53855,89989
Sweden,1978,11074,23781,58029,92884
Sweden,1979,12600,21039,61427,95066
Sweden,1980,10181,26488,59589,96316
Sweden,1981,4460,37679,60674,102846
Sweden,1982,4360,39045,56068,99512
Sweden,1983,2841,41004,64994,108869
Sweden,1984,2542,50926,69759,123268
Sweden,1985,5144,58561,72796,136539
Sweden,1986,5166,69951,62913,138084
Sweden,1987,4715,67385,73813,145977
Sweden,1988,4227,69424,71924,145641
Sweden,1989,3250,65603,73940,142916
Sweden,1990,3285,68185,74452,145984
Sweden,1991,5039,76761,65109,146970
Sweden,1992,5956,63544,76373,145936
Sweden,1993,6916,61395,76871,145247
Sweden,1994,8088,73156,61402,142700
Sweden,1995,7732,69935,70556,148293
Sweden,1996,12276,74274,54003,140627
Sweden,1997,7183,69928,72033,149206
Sweden,1998,6848,73583,78098,158791
Sweden,1999,6718,73188,74747,154838
Sweden,2000,4531,57316,83140,145231
Sweden,2001,5921,72109,83321,161595
Sweden,2002,7180,68111,71145,146700
Sweden,2003,8907,67415,58731,135379
Sweden,2004,5213,77486,68186,151683
Sweden,2005,3890,72377,81231,158364
Sweden,2006,4242,66977,71068,143283
Sweden,2007,3606,66969,77424,148819
Sweden,2008,3711,63889,81408,149896
Sweden,2009,3878,52173,79810,136610
Sweden,2010,7326,57828,82086,148445
Sweden,2011,4398,60475,84088,150283
Sweden,2012,2932,64037,98309,166435
Sweden,2013,2693,66457,82688,153031
Sweden,2014,1811,64877,85742,153555
Sweden,2015,1938,56348,102496,161985
Sweden,2016,2072,63101,89127,155891
Sweden,2017,1790,65696,95058,164225
Sweden,2018,2089,68549,91153,163360
Sweden,2019,1684,66130,98933,168417
Sweden,2020,2228,48916,109753,162567
Switzerland,1971,2915,1391,26875,31181
Switzerland,1972,3570,3840,24469,31879
Switzerland,1973,2604,6310,27903,36817
Switzerland,1974,2265,7067,27770,37102
Switzerland,1975,1743,7761,33475,42979
Switzerland,1976,2202,7939,25947,36088
Switzerland,1977,2017,8114,35759,45890
Switzerland,1978,1875,8395,31980,42250
Switzerland,1979,1814,11805,31846,45465
Switzerland,1980,851,14346,32978,48175
Switzerland,1981,587,15330,35917,51834
Switzerland,1982,652,15133,36723,52508
Switzerland,1983,669,15710,35816,52195
Switzerland,1984,577,18440,30538,49555
Switzerland,1985,565,22558,32414,55537
Switzerland,1986,600,22581,33360,56541
Switzerland,1987,610,23003,35182,58795
Switzerland,1988,582,22792,36304,59678
Switzerland,1989,612,22836,30301,53749
Switzerland,1990,752,23636,30224,54976
Switzerland,1991,1024,22953,32476,56843
Switzerland,1992,1237,23448,33530,58655
Switzerland,1993,815,23351,36259,60863
Switzerland,1994,936,24363,39611,65406
Switzerland,1995,1088,24895,35458,61958
Switzerland,1996,1183,25142,29379,56262
Switzerland,1997,1149,25409,34751,62019
Switzerland,1998,1491,25830,34199,62324
Switzerland,1999,1198,25830,40797,68696
Switzerland,2000,1084,26446,37692,66125
Switzerland,2001,1093,26811,42205,71057
Switzerland,2002,1116,27234,36106,65422
Switzerland,2003,1170,27487,35734,65345
Switzerland,2004,1146,26958,34752,63865
Switzerland,2005,1084,23341,32280,57788
Switzerland,2006,986,27819,32139,62136
Switzerland,2007,917,27925,36478,66438
Switzerland,2008,858,27700,37326,67041
Switzerland,2009,815,27686,37034,66676
Switzerland,2010,1095,26339,37472,66052
Switzerland,2011,1012,26710,34019,62881
Switzerland,2012,963,25441,40527,68135
Switzerland,2013,799,25990,40676,68706
Switzerland,2014,537,27557,40669,70078
Switzerland,2015,665,23089,41109,66057
Switzerland,2016,892,21146,37809,61097
Switzerland,2017,759,20376,37762,60148
Switzerland,2018,645,25513,38878,66290
Switzerland,2019,637,26418,42236,70549
Switzerland,2020,648,24025,42441,68394
Turkey,1971,7009,0,2772,9781
Turkey,1972,7863,0,3380,11243
Turkey,1973,9625,0,2800,12425
Turkey,1974,9914,0,3563,13477
Turkey,1975,9499,0,6124,15623
Turkey,1976,9747,0,8536,18283
Turkey,1977,11775,0,8790,20565
Turkey,1978,12254,0,9472,21726
Turkey,1979,12088,0,10434,22522
Turkey,1980,11791,0,11484,23275
Turkey,1981,11947,0,12726,24673
Turkey,1982,12385,0,14167,26552
Turkey,1983,16004,0,11343,27347
Turkey,1984,17165,0,13448,30613
Turkey,1985,22168,0,12051,34219
Turkey,1986,27778,0,11917,39695
Turkey,1987,25677,0,18676,44353
Turkey,1988,19030,0,29018,48048
Turkey,1989,34042,0,18002,52044
Turkey,1990,34315,0,23228,57543
Turkey,1991,37444,0,22802,60246
Turkey,1992,40657,0,26685,67342
Turkey,1993,39723,0,34085,73808
Turkey,1994,47605,0,30716,78321
Turkey,1995,50398,0,35849,86247
Turkey,1996,54127,0,40735,94862
Turkey,1997,63103,0,40193,103296
Turkey,1998,68462,0,42560,111022
Turkey,1999,81528,0,34912,116440
Turkey,2000,93714,0,31154,124922
Turkey,2001,98333,0,24346,122725
Turkey,2002,95390,0,33966,129400
Turkey,2003,104985,0,35559,140581
Turkey,2004,104359,0,46311,150698
Turkey,2005,122120,0,39748,161956
Turkey,2006,131681,0,44522,176299
Turkey,2007,154982,0,36457,191558
Turkey,2008,163920,0,34421,198418
Turkey,2009,156583,0,38141,194812
Turkey,2010,155371,0,55712,211208
Turkey,2011,171169,0,58098,229393
Turkey,2012,174151,0,65216,239496
Turkey,2013,170641,0,69220,240154
Turkey,2014,198984,0,52629,251963
Turkey,2015,177608,0,83658,261783
Turkey,2016,183426,0,90245,274408
Turkey,2017,209166,0,87235,297278
Turkey,2018,206061,0,97768,304802
Turkey,2019,170518,0,132261,303898
Turkey,2020,175923,0,128421,305431
United Kingdom,1971,224850,27548,3358,255756
United Kingdom,1972,229998,29378,3391,262767
United Kingdom,1973,249497,27997,3858,281352
United Kingdom,1974,234719,33617,4066,272402
United Kingdom,1975,236701,30338,3751,270790
United Kingdom,1976,235436,36155,3688,275279
United Kingdom,1977,237839,40021,3870,281730
United Kingdom,1978,245243,37224,3995,286462
United Kingdom,1979,256092,38308,4245,298645
United Kingdom,1980,243157,37023,3891,284071
United Kingdom,1981,234381,37969,4347,276697
United Kingdom,1982,223174,43972,4530,271676
United Kingdom,1983,221087,49928,4552,275567
United Kingdom,1984,222429,53979,3988,280396
United Kingdom,1985,229533,61095,4091,294719
United Kingdom,1986,235509,59079,4767,299355
United Kingdom,1987,242269,55238,4137,301644
United Kingdom,1988,238304,63456,4934,306694
United Kingdom,1989,236183,71734,4758,312675
United Kingdom,1990,246112,65749,5811,317755
United Kingdom,1991,245398,70543,5323,321352
United Kingdom,1992,236030,76807,6405,319346
United Kingdom,1993,226428,89353,5718,321665
United Kingdom,1994,229436,88282,6955,325024
United Kingdom,1995,236242,88964,6871,332489
United Kingdom,1996,248540,94671,5685,349313
United Kingdom,1997,243605,98146,6946,349180
United Kingdom,1998,252361,99486,8649,361079
United Kingdom,1999,259943,95133,9616,365250
United Kingdom,2000,278823,85063,9970,374375
United Kingdom,2001,280205,90094,9549,382368
United Kingdom,2002,282756,87848,11127,384595
United Kingdom,2003,293317,88686,10618,395464
United Kingdom,2004,294977,79999,14137,391278
United Kingdom,2005,294315,81618,16938,395426
United Kingdom,2006,297482,75451,18106,393430
United Kingdom,2007,308333,63028,19689,392971
United Kingdom,2008,308698,52486,21847,384830
United Kingdom,2009,276941,69098,25245,373071
United Kingdom,2010,289189,62140,26182,378921
United Kingdom,2011,259064,68980,35213,365078
United Kingdom,2012,247149,70405,41250,360913
United Kingdom,2013,229588,70607,53215,355386
United Kingdom,2014,204457,63748,64523,335217
United Kingdom,2015,178876,70345,84061,336832
United Kingdom,2016,176682,71726,82981,336258
United Kingdom,2017,161646,70336,98867,335062
United Kingdom,2018,150667,65064,110038,330006
United Kingdom,2019,139729,56184,120505,321088
United Kingdom,2020,121216,50278,134298,311343
United States,1971,1398490,40552,264338,1703380
United States,1972,1520470,57813,272826,1851109
United States,1973,1608210,89167,268132,1965509
United States,1974,1529147,121251,306937,1957335
United States,1975,1520945,183512,306703,2011160
United States,1976,1644747,202570,290640,2137957
United States,1977,1739593,265936,226925,2232454
United States,1978,1736734,292987,286721,2316442
United States,1979,1801990,270464,287209,2359663
United States,1980,1876547,266183,284590,2427320
United States,1981,1878278,289034,269712,2437024
United States,1982,1759469,299739,317427,2376635
United States,1983,1795865,311298,341877,2449040
United States,1984,1882899,347292,332582,2562773
United States,1985,1919875,406712,295342,2621929
United States,1986,1894889,438880,305955,2639724
United States,1987,1984738,482586,249863,2717187
United States,1988,2078319,558591,221132,2858042
United States,1989,2239417,561165,327304,3127886
United States,1990,2211966,611589,369241,3202813
United States,1991,2241417,649399,350142,3254890
United States,1992,2274693,655970,324316,3270597
United States,1993,2378991,646987,355578,3391520
United States,1994,2425384,678920,336458,3451830
United States,1995,2448570,713806,384343,3558374
United States,1996,2500516,715212,422867,3651244
United States,1997,2589971,666363,403130,3672220
United States,1998,2711858,714124,365559,3804504
United States,1999,2736469,771811,351308,3873638
United States,2000,2882270,797718,330364,4025885
United States,2001,2771591,792604,260426,3838831
United States,2002,2858235,804519,348137,4026399
United States,2003,2890533,787818,360433,4054649
United States,2004,2961136,813339,357987,4148080
United States,2005,3078075,810726,366205,4268887
United States,2006,3049191,816195,395209,4275011
United States,2007,3111787,836634,361815,4323915
United States,2008,3100548,837804,391022,4342980
United States,2009,2892882,830210,428696,4165395
United States,2010,3060149,838931,440677,4354363
United States,2011,2960191,821405,528962,4326635
United States,2012,2941052,801129,512822,4270884
United States,2013,2907720,822004,541802,4287114
United States,2014,2913787,830584,560657,4320317
United States,2015,2882404,830288,568439,4297048
United States,2016,2806893,839918,637076,4299595
United States,2017,2691536,838861,718175,4263677
United States,2018,2834295,841329,743179,4433936
United States,2019,2745143,843330,767034,4370988
United States,2020,2557949,823191,835251,4231317
Brazil,1971,0,0,0,0
Brazil,1972,0,0,0,0
Brazil,1973,0,0,0,0
Brazil,1974,0,0,0,0
Brazil,1975,0,0,0,0
Brazil,1976,0,0,0,0
Brazil,1977,0,0,0,0
Brazil,1978,0,0,0,0
Brazil,1979,0,0,0,0
Brazil,1980,0,0,0,0
Brazil,1981,0,0,0,0
Brazil,1982,0,0,0,0
Brazil,1983,0,0,0,0
Brazil,1984,0,0,0,0
Brazil,1985,0,0,0,0
Brazil,1986,0,0,0,0
Brazil,1987,0,0,0,0
Brazil,1988,0,0,0,0
Brazil,1989,0,0,0,0
Brazil,1990,10017,2237,210567,222821
Brazil,1991,11154,1442,221781,234377
Brazil,1992,11731,1759,228242,241732
Brazil,1993,11515,442,240019,251976
Brazil,1994,11893,55,248093,260041
Brazil,1995,13583,2519,259499,275601
Brazil,1996,16328,2427,272523,291278
Brazil,1997,18458,3169,286355,307982
Brazil,1998,19504,3265,298979,321748
Brazil,1999,29005,3977,301368,334716
Brazil,2000,30243,6046,312249,348910
Brazil,2001,36902,14279,276891,328508
Brazil,2002,35049,13836,296372,345671
Brazil,2003,32958,13358,317571,364339
Brazil,2004,41974,11611,333334,387453
Brazil,2005,41232,9855,351141,403033
Brazil,2006,41132,13754,363765,419337
Brazil,2007,38927,12350,392685,445147
Brazil,2008,58408,13969,390210,463067
Brazil,2009,37753,12957,414828,466121
Brazil,2010,63878,14523,436929,515713
Brazil,2011,52070,15659,463472,531757
Brazil,2012,79983,16038,456097,552401
Brazil,2013,116631,15450,438417,570838
Brazil,2014,142166,15378,432543,590479
Brazil,2015,135232,14734,431100,581488
Brazil,2016,96758,15864,465819,578897
Brazil,2017,103650,15739,467024,589327
Brazil,2018,87575,15674,495290,601396
Brazil,2019,91982,16129,515438,626328
Brazil,2020,81739,14053,522869,621198
People's Republic of China,1971,0,0,0,0
People's Republic of China,1972,0,0,0,0
People's Republic of China,1973,0,0,0,0
People's Republic of China,1974,0,0,0,0
People's Republic of China,1975,0,0,0,0
People's Republic of China,1976,0,0,0,0
People's Republic of China,1977,0,0,0,0
People's Republic of China,1978,0,0,0,0
People's Republic of China,1979,0,0,0,0
People's Republic of China,1980,0,0,0,0
People's Republic of China,1981,0,0,0,0
People's Republic of China,1982,0,0,0,0
People's Republic of China,1983,0,0,0,0
People's Republic of China,1984,0,0,0,0
People's Republic of China,1985,0,0,0,0
People's Republic of China,1986,0,0,0,0
People's Republic of China,1987,0,0,0,0
People's Republic of China,1988,0,0,0,0
People's Republic of China,1989,0,0,0,0
People's Republic of China,1990,494480,0,126788,621268
People's Republic of China,1991,552460,0,125165,677625
People's Republic of China,1992,621470,0,132601,754071
People's Republic of China,1993,684833,1604,151962,838399
People's Republic of China,1994,745584,14756,167905,928245
People's Republic of China,1995,801419,12833,193662,1007914
People's Republic of China,1996,876296,14338,189606,1080240
People's Republic of China,1997,922548,14418,198922,1135888
People's Republic of China,1998,942536,14100,210864,1167500
People's Republic of China,1999,1018140,14949,206838,1239927
People's Republic of China,2000,1113413,16737,225588,1355738
People's Republic of China,2001,1182711,17472,280766,1480949
People's Republic of China,2002,1337601,25127,291436,1654164
People's Republic of China,2003,1580101,43342,287312,1910755
People's Republic of China,2004,1795567,50469,357466,2203502
People's Republic of China,2005,2042927,53088,404451,2500466
People's Republic of China,2006,2364229,54843,446882,2865954
People's Republic of China,2007,2718749,62130,500911,3281790
People's Republic of China,2008,2783801,68394,614990,3467185
People's Republic of China,2009,2981276,70134,663651,3715061
People's Republic of China,2010,3332623,73880,781638,4197204
People's Republic of China,2011,3819124,86350,788618,4704861
People's Republic of China,2012,3881107,97394,995264,4984732
People's Republic of China,2013,4209233,111613,1103418,5436567
People's Republic of China,2014,4370875,132538,1287729,5804098
People's Republic of China,2015,4264019,170789,1392598,5838435
People's Republic of China,2016,4422641,213287,1521684,6169025
People's Republic of China,2017,4760804,248070,1659750,6682009
People's Republic of China,2018,4969985,294359,1832838,7109824
People's Republic of China,2019,5098875,348355,2014902,7472175
People's Republic of China,2020,5230163,366247,2157705,7764416
India,1971,0,0,0,0
India,1972,0,0,0,0
India,1973,0,0,0,0
India,1974,0,0,0,0
India,1975,0,0,0,0
India,1976,0,0,0,0
India,1977,0,0,0,0
India,1978,0,0,0,0
India,1979,0,0,0,0
India,1980,0,0,0,0
India,1981,0,0,0,0
India,1982,0,0,0,0
India,1983,0,0,0,0
India,1984,0,0,0,0
India,1985,0,0,0,0
India,1986,0,0,0,0
India,1987,0,0,0,0
India,1988,0,0,0,0
India,1989,0,0,0,0
India,1990,211641,6141,71688,289470
India,1991,237332,5525,72814,315670
India,1992,256099,6726,69974,332799
India,1993,280453,5398,70577,356428
India,1994,297051,5648,82927,385625
India,1995,337002,7982,73143,418127
India,1996,357807,9071,69924,436802
India,1997,380024,10083,75825,465932
India,1998,400871,11922,84260,497052
India,1999,440840,13249,82496,536585
India,2000,467795,16902,76361,561059
India,2001,483708,19475,76436,579619
India,2002,510361,19390,73020,602771
India,2003,536565,17780,85969,640347
India,2004,559437,17011,98977,675495
India,2005,571541,17324,119414,708357
India,2006,609856,18802,138461,767226
India,2007,649963,16957,150196,817325
India,2008,687856,14927,141966,845004
India,2009,746189,18636,144332,909462
India,2010,786426,26266,161413,974483
India,2011,840257,32287,187739,1060777
India,2012,902400,32866,179753,1115616
India,2013,940842,34228,208735,1184473
India,2014,1039678,36102,212533,1289059
India,2015,1111130,37414,207587,1356988
India,2016,1163015,37916,230207,1431970
India,2017,1214396,38346,255413,1508987
India,2018,1281353,37813,288026,1607942
India,2019,1251708,46472,324746,1623691
India,2020,1240508,43029,326632,1610968
Indonesia,1971,0,0,0,0
Indonesia,1972,0,0,0,0
Indonesia,1973,0,0,0,0
Indonesia,1974,0,0,0,0
Indonesia,1975,0,0,0,0
Indonesia,1976,0,0,0,0
Indonesia,1977,0,0,0,0
Indonesia,1978,0,0,0,0
Indonesia,1979,0,0,0,0
Indonesia,1980,0,0,0,0
Indonesia,1981,0,0,0,0
Indonesia,1982,0,0,0,0
Indonesia,1983,0,0,0,0
Indonesia,1984,0,0,0,0
Indonesia,1985,0,0,0,0
Indonesia,1986,0,0,0,0
Indonesia,1987,0,0,0,0
Indonesia,1988,0,0,0,0
Indonesia,1989,0,0,0,0
Indonesia,1990,25834,0,6833,32667
Indonesia,1991,29664,0,7676,37340
Indonesia,1992,31617,0,9896,41513
Indonesia,1993,36422,0,8978,45400
Indonesia,1994,43317,0,8041,51358
Indonesia,1995,49448,0,9745,59193
Indonesia,1996,57206,0,10518,67724
Indonesia,1997,66911,0,7716,74627
Indonesia,1998,65735,0,12303,78038
Indonesia,1999,73781,0,12134,85915
Indonesia,2000,78434,0,14891,93325
Indonesia,2001,83560,0,17694,101254
Indonesia,2002,92035,0,16182,108217
Indonesia,2003,97566,0,15408,112974
Indonesia,2004,103813,0,16350,120163
Indonesia,2005,110178,0,17351,127529
Indonesia,2006,116759,0,16313,133072
Indonesia,2007,123808,0,18343,142151
Indonesia,2008,129442,0,19884,149326
Indonesia,2009,136028,0,20746,156774
Indonesia,2010,142842,0,26913,169755
Indonesia,2011,161405,0,21997,183417
Indonesia,2012,177538,0,22477,200030
Indonesia,2013,189494,0,26506,216020
Indonesia,2014,201709,0,26149,227876
Indonesia,2015,209052,0,24922,233984
Indonesia,2016,216761,0,31156,247920
Indonesia,2017,222608,0,31966,254869
Indonesia,2018,234321,0,49138,283771
Indonesia,2019,245822,0,49290,295123
Indonesia,2020,238910,0,49063,287983
Morocco,1971,0,0,0,0
Morocco,1972,0,0,0,0
Morocco,1973,0,0,0,0
Morocco,1974,0,0,0,0
Morocco,1975,0,0,0,0
Morocco,1976,0,0,0,0
Morocco,1977,0,0,0,0
Morocco,1978,0,0,0,0
Morocco,1979,0,0,0,0
Morocco,1980,0,0,0,0
Morocco,1981,0,0,0,0
Morocco,1982,0,0,0,0
Morocco,1983,0,0,0,0
Morocco,1984,0,0,0,0
Morocco,1985,0,0,0,0
Morocco,1986,0,0,0,0
Morocco,1987,0,0,0,0
Morocco,1988,0,0,0,0
Morocco,1989,0,0,0,0
Morocco,1990,8408,0,1220,9628
Morocco,1991,7979,0,1226,9205
Morocco,1992,8755,0,964,9719
Morocco,1993,9467,0,443,9910
Morocco,1994,10630,0,840,11470
Morocco,1995,11481,0,611,12092
Morocco,1996,10581,0,1957,12538
Morocco,1997,11510,0,2083,13593
Morocco,1998,11191,0,1777,12968
Morocco,1999,12070,0,825,12895
Morocco,2000,12081,0,782,12863
Morocco,2001,13969,0,1077,15046
Morocco,2002,14191,0,1044,15235
Morocco,2003,14919,0,1659,16578
Morocco,2004,15898,0,1807,17705
Morocco,2005,18105,0,1185,19290
Morocco,2006,18683,0,1181,19864
Morocco,2007,18703,0,1194,19897
Morocco,2008,19333,0,1227,20560
Morocco,2009,18186,0,2959,21145
Morocco,2010,19545,0,4127,23672
Morocco,2011,22308,0,2698,25006
Morocco,2012,24976,0,2359,27335
Morocco,2013,22594,0,4141,28037
Morocco,2014,24125,0,3561,28988
Morocco,2015,25108,0,4409,30819
Morocco,2016,25776,0,4656,31734
Morocco,2017,26875,0,4635,32812
Morocco,2018,27731,0,6484,35517
Morocco,2019,32414,0,7543,41259
Morocco,2020,31353,0,6979,39634
Singapore,1971,0,0,0,0
Singapore,1972,0,0,0,0
Singapore,1973,0,0,0,0
Singapore,1974,0,0,0,0
Singapore,1975,0,0,0,0
Singapore,1976,0,0,0,0
Singapore,1977,0,0,0,0
Singapore,1978,0,0,0,0
Singapore,1979,0,0,0,0
Singapore,1980,0,0,0,0
Singapore,1981,0,0,0,0
Singapore,1982,0,0,0,0
Singapore,1983,0,0,0,0
Singapore,1984,0,0,0,0
Singapore,1985,0,0,0,0
Singapore,1986,0,0,0,0
Singapore,1987,0,0,0,0
Singapore,1988,0,0,0,0
Singapore,1989,0,0,0,0
Singapore,1990,15544,0,85,15714
Singapore,1991,16431,0,245,16921
Singapore,1992,17184,0,245,17674
Singapore,1993,18472,0,245,18962
Singapore,1994,20359,0,245,20849
Singapore,1995,21754,0,245,22244
Singapore,1996,23610,0,245,24100
Singapore,1997,26408,0,245,26898
Singapore,1998,27885,0,245,28375
Singapore,1999,29030,0,245,29520
Singapore,2000,31175,0,245,31665
Singapore,2001,32143,0,473,33089
Singapore,2002,33718,0,473,34664
Singapore,2003,34342,0,495,35332
Singapore,2004,35853,0,479,36811
Singapore,2005,37257,0,478,38213
Singapore,2006,38488,0,477,39442
Singapore,2007,40159,0,487,41133
Singapore,2008,40669,0,525,41718
Singapore,2009,40756,0,535,41823
Singapore,2010,45207,0,592,46386
Singapore,2011,44802,0,611,46016
Singapore,2012,45675,0,638,46938
Singapore,2013,46597,0,742,47971
Singapore,2014,47929,0,823,49382
Singapore,2015,48864,0,923,50420
Singapore,2016,50089,0,988,51677
Singapore,2017,50763,0,1021,52392
Singapore,2018,51476,0,1086,53144
Singapore,2019,52626,0,1257,54470
Singapore,2020,51648,0,1298,53415
South Africa,1971,0,0,0,0
South Africa,1972,0,0,0,0
South Africa,1973,0,0,0,0
South Africa,1974,0,0,0,0
South Africa,1975,0,0,0,0
South Africa,1976,0,0,0,0
South Africa,1977,0,0,0,0
South Africa,1978,0,0,0,0
South Africa,1979,0,0,0,0
South Africa,1980,0,0,0,0
South Africa,1981,0,0,0,0
South Africa,1982,0,0,0,0
South Africa,1983,0,0,0,0
South Africa,1984,0,0,0,0
South Africa,1985,0,0,0,0
South Africa,1986,0,0,0,0
South Africa,1987,0,0,0,0
South Africa,1988,0,0,0,0
South Africa,1989,0,0,0,0
South Africa,1990,155926,8449,1010,165385
South Africa,1991,155388,9144,1980,166512
South Africa,1992,156717,9288,752,166757
South Africa,1993,165960,7255,146,173361
South Africa,1994,169402,9697,1074,180173
South Africa,1995,173551,11301,529,185381
South Africa,1996,186342,11775,1379,199496
South Africa,1997,192869,12647,2238,207754
South Africa,1998,187527,13601,1826,202954
South Africa,1999,186662,12837,923,200422
South Africa,2000,193419,13010,1408,207837
South Africa,2001,195162,10719,2292,208173
South Africa,2002,203931,11991,2642,218564
South Africa,2003,217619,12663,966,231248
South Africa,2004,226332,13365,1233,240930
South Africa,2005,229133,11293,1629,242055
South Africa,2006,237614,10026,3211,250851
South Africa,2007,247986,11317,1197,260500
South Africa,2008,240964,13004,1551,255519
South Africa,2009,232257,12806,1752,246815
South Africa,2010,242069,12099,2480,256648
South Africa,2011,243637,13502,2437,259576
South Africa,2012,241366,11954,1593,254913
South Africa,2013,237579,14106,1507,253192
South Africa,2014,232332,13794,3345,249471
South Africa,2015,228682,12237,5817,246736
South Africa,2016,226667,15026,7760,249453
South Africa,2017,226377,14193,10086,250655
South Africa,2018,227974,11580,12253,251807
South Africa,2019,221721,13252,12606,247579
South Africa,2020,210184,12374,12103,234662
Thailand,1971,0,0,0,0
Thailand,1972,0,0,0,0
Thailand,1973,0,0,0,0
Thailand,1974,0,0,0,0
Thailand,1975,0,0,0,0
Thailand,1976,0,0,0,0
Thailand,1977,0,0,0,0
Thailand,1978,0,0,0,0
Thailand,1979,0,0,0,0
Thailand,1980,0,0,0,0
Thailand,1981,0,0,0,0
Thailand,1982,0,0,0,0
Thailand,1983,0,0,0,0
Thailand,1984,0,0,0,0
Thailand,1985,0,0,0,0
Thailand,1986,0,0,0,0
Thailand,1987,0,0,0,0
Thailand,1988,0,0,0,0
Thailand,1989,0,0,0,0
Thailand,1990,39200,0,4976,44176
Thailand,1991,45598,0,4587,50185
Thailand,1992,52859,0,4239,57098
Thailand,1993,59704,0,3703,63407
Thailand,1994,66662,0,4515,71177
Thailand,1995,73082,0,7001,80083
Thailand,1996,81640,0,8202,89842
Thailand,1997,85681,0,7545,93226
Thailand,1998,84554,0,5498,90052
Thailand,1999,85637,0,4402,90039
Thailand,2000,89440,0,6537,95977
Thailand,2001,95623,0,6797,102420
Thailand,2002,100854,0,8159,109013
Thailand,2003,108531,0,8452,116983
Thailand,2004,118405,0,7322,125727
Thailand,2005,124867,0,7330,132197
Thailand,2006,129145,0,9597,138742
Thailand,2007,133704,0,9935,143639
Thailand,2008,137592,0,9752,147344
Thailand,2009,138086,0,10254,148340
Thailand,2010,150494,0,8968,159462
Thailand,2011,143098,0,12582,155680
Thailand,2012,151633,0,13790,165423
Thailand,2013,156420,0,13693,170113
Thailand,2014,158035,0,14173,172208
Thailand,2015,163205,0,14022,177227
Thailand,2016,162902,0,25363,188265
Thailand,2017,156066,0,25873,181940
Thailand,2018,151992,0,30297,182288
Thailand,2019,156934,0,33748,190681
Thailand,2020,156552,0,29628,186180
